-- phpMyAdmin SQL Dump
-- version 5.2.1
-- https://www.phpmyadmin.net/
--
-- Host: 127.0.0.1
-- Generation Time: Sep 26, 2023 at 07:09 PM
-- Server version: 10.4.28-MariaDB
-- PHP Version: 8.2.4

SET SQL_MODE = "NO_AUTO_VALUE_ON_ZERO";
START TRANSACTION;
SET time_zone = "+00:00";


/*!40101 SET @OLD_CHARACTER_SET_CLIENT=@@CHARACTER_SET_CLIENT */;
/*!40101 SET @OLD_CHARACTER_SET_RESULTS=@@CHARACTER_SET_RESULTS */;
/*!40101 SET @OLD_COLLATION_CONNECTION=@@COLLATION_CONNECTION */;
/*!40101 SET NAMES utf8mb4 */;

--
-- Database: `ecommerce`
--

-- --------------------------------------------------------

--
-- Table structure for table `attributes`
--

CREATE TABLE `attributes` (
  `id` bigint(20) UNSIGNED NOT NULL,
  `att_type` varchar(100) DEFAULT NULL,
  `name` varchar(100) DEFAULT NULL,
  `color` varchar(100) DEFAULT NULL,
  `deleted_at` timestamp NULL DEFAULT NULL,
  `created_at` timestamp NULL DEFAULT NULL,
  `updated_at` timestamp NULL DEFAULT NULL
) ENGINE=InnoDB DEFAULT CHARSET=utf8mb4 COLLATE=utf8mb4_unicode_ci;

--
-- Dumping data for table `attributes`
--

INSERT INTO `attributes` (`id`, `att_type`, `name`, `color`, `deleted_at`, `created_at`, `updated_at`) VALUES
(1, NULL, 'Box', NULL, NULL, '2023-06-22 06:53:48', '2023-06-22 06:53:48');

-- --------------------------------------------------------

--
-- Table structure for table `brands`
--

CREATE TABLE `brands` (
  `id` bigint(20) UNSIGNED NOT NULL,
  `name` varchar(255) DEFAULT NULL,
  `slug` varchar(255) DEFAULT NULL,
  `thumbnail` text DEFAULT NULL,
  `is_featured` tinyint(4) DEFAULT NULL,
  `is_publish` tinyint(4) DEFAULT NULL,
  `lan` varchar(100) DEFAULT NULL,
  `deleted_at` timestamp NULL DEFAULT NULL,
  `created_at` timestamp NULL DEFAULT NULL,
  `updated_at` timestamp NULL DEFAULT NULL
) ENGINE=InnoDB DEFAULT CHARSET=utf8mb4 COLLATE=utf8mb4_unicode_ci;

--
-- Dumping data for table `brands`
--

INSERT INTO `brands` (`id`, `name`, `slug`, `thumbnail`, `is_featured`, `is_publish`, `lan`, `deleted_at`, `created_at`, `updated_at`) VALUES
(1, 'testing data', 'testing-data', '09092022091526-400x400-brand-5.png', 1, 1, 'en', '2023-06-22 05:18:36', '2023-06-22 05:11:55', '2023-06-22 05:18:36'),
(2, 'testing data', 'testing-data', '09092022091528-400x400-brand-6.png', 0, 1, 'en', NULL, '2023-06-22 05:19:11', '2023-06-22 05:20:35');

-- --------------------------------------------------------

--
-- Table structure for table `cities`
--

CREATE TABLE `cities` (
  `id` bigint(20) UNSIGNED NOT NULL,
  `name` varchar(255) NOT NULL,
  `state_id` int(11) NOT NULL,
  `state_code` varchar(255) NOT NULL,
  `country_id` int(11) NOT NULL,
  `country_code` varchar(255) NOT NULL,
  `latitude` double(10,8) NOT NULL,
  `longitude` double(11,8) NOT NULL,
  `flag` int(11) NOT NULL DEFAULT 1,
  `wikiDataId` varchar(255) NOT NULL,
  `created_at` timestamp NULL DEFAULT NULL,
  `updated_at` timestamp NULL DEFAULT NULL
) ENGINE=InnoDB DEFAULT CHARSET=utf8mb4 COLLATE=utf8mb4_unicode_ci;

-- --------------------------------------------------------

--
-- Table structure for table `contacts`
--

CREATE TABLE `contacts` (
  `id` bigint(20) UNSIGNED NOT NULL,
  `name` varchar(191) DEFAULT NULL,
  `email` varchar(100) DEFAULT NULL,
  `mobile` varchar(12) DEFAULT NULL,
  `message` text DEFAULT NULL,
  `created_at` timestamp NULL DEFAULT NULL,
  `updated_at` timestamp NULL DEFAULT NULL
) ENGINE=InnoDB DEFAULT CHARSET=utf8mb4 COLLATE=utf8mb4_unicode_ci;

--
-- Dumping data for table `contacts`
--

INSERT INTO `contacts` (`id`, `name`, `email`, `mobile`, `message`, `created_at`, `updated_at`) VALUES
(1, 'Kush', 'kush@gmail.com', '7355987010', 'I want to buy some fruits but something is wrong.', '2023-06-30 06:26:33', '2023-06-30 06:26:33');

-- --------------------------------------------------------

--
-- Table structure for table `countries`
--

CREATE TABLE `countries` (
  `id` bigint(20) UNSIGNED NOT NULL,
  `name` varchar(255) NOT NULL,
  `iso3` varchar(255) NOT NULL,
  `numeric_code` varchar(255) NOT NULL,
  `iso2` varchar(255) NOT NULL,
  `phonecode` varchar(255) NOT NULL,
  `capital` varchar(255) NOT NULL,
  `currency` varchar(255) NOT NULL,
  `currency_name` varchar(255) NOT NULL,
  `currency_symbol` varchar(255) NOT NULL,
  `tld` varchar(255) NOT NULL,
  `native` varchar(255) NOT NULL,
  `region` varchar(255) NOT NULL,
  `subregion` varchar(255) NOT NULL,
  `timezones` varchar(255) NOT NULL,
  `translations` varchar(255) NOT NULL,
  `latitude` double(10,8) NOT NULL,
  `longitude` double(11,8) NOT NULL,
  `emoji` varchar(255) NOT NULL,
  `emojiU` varchar(255) NOT NULL,
  `flag` varchar(255) NOT NULL,
  `created_at` timestamp NULL DEFAULT NULL,
  `updated_at` timestamp NULL DEFAULT NULL
) ENGINE=InnoDB DEFAULT CHARSET=utf8mb4 COLLATE=utf8mb4_unicode_ci;

-- --------------------------------------------------------

--
-- Table structure for table `coupons`
--

CREATE TABLE `coupons` (
  `id` bigint(20) UNSIGNED NOT NULL,
  `title` varchar(191) DEFAULT NULL,
  `code` varchar(100) NOT NULL,
  `expire_date` date NOT NULL,
  `percentage` double NOT NULL,
  `is_publish` tinyint(4) NOT NULL,
  `deleted_at` timestamp NULL DEFAULT NULL,
  `created_at` timestamp NULL DEFAULT NULL,
  `updated_at` timestamp NULL DEFAULT NULL
) ENGINE=InnoDB DEFAULT CHARSET=utf8mb4 COLLATE=utf8mb4_unicode_ci;

--
-- Dumping data for table `coupons`
--

INSERT INTO `coupons` (`id`, `title`, `code`, `expire_date`, `percentage`, `is_publish`, `deleted_at`, `created_at`, `updated_at`) VALUES
(1, 'test', 'test', '2023-06-28', 10, 2, NULL, '2023-06-28 07:02:16', '2023-06-28 07:28:47');

-- --------------------------------------------------------

--
-- Table structure for table `failed_jobs`
--

CREATE TABLE `failed_jobs` (
  `id` bigint(20) UNSIGNED NOT NULL,
  `uuid` varchar(255) NOT NULL,
  `connection` text NOT NULL,
  `queue` text NOT NULL,
  `payload` longtext NOT NULL,
  `exception` longtext NOT NULL,
  `failed_at` timestamp NOT NULL DEFAULT current_timestamp()
) ENGINE=InnoDB DEFAULT CHARSET=utf8mb4 COLLATE=utf8mb4_unicode_ci;

-- --------------------------------------------------------

--
-- Table structure for table `languages`
--

CREATE TABLE `languages` (
  `id` bigint(20) UNSIGNED NOT NULL,
  `language_code` varchar(30) NOT NULL,
  `language_name` varchar(100) DEFAULT NULL,
  `flag` text DEFAULT NULL,
  `language_default` tinyint(4) NOT NULL DEFAULT 0,
  `is_rtl` tinyint(4) NOT NULL DEFAULT 0,
  `status` tinyint(4) NOT NULL DEFAULT 0,
  `created_at` timestamp NULL DEFAULT NULL,
  `updated_at` timestamp NULL DEFAULT NULL
) ENGINE=InnoDB DEFAULT CHARSET=utf8mb4 COLLATE=utf8mb4_unicode_ci;

--
-- Dumping data for table `languages`
--

INSERT INTO `languages` (`id`, `language_code`, `language_name`, `flag`, `language_default`, `is_rtl`, `status`, `created_at`, `updated_at`) VALUES
(1, 'en', 'English', NULL, 1, 0, 1, '2023-06-20 07:52:34', '2023-06-20 07:52:34');

-- --------------------------------------------------------

--
-- Table structure for table `media_options`
--

CREATE TABLE `media_options` (
  `id` bigint(20) UNSIGNED NOT NULL,
  `title` text DEFAULT NULL,
  `alt_title` text DEFAULT NULL,
  `thumbnail` text DEFAULT NULL,
  `large_image` text DEFAULT NULL,
  `option_value` longtext DEFAULT NULL,
  `created_at` timestamp NULL DEFAULT NULL,
  `updated_at` timestamp NULL DEFAULT NULL
) ENGINE=InnoDB DEFAULT CHARSET=utf8mb4 COLLATE=utf8mb4_unicode_ci;

--
-- Dumping data for table `media_options`
--

INSERT INTO `media_options` (`id`, `title`, `alt_title`, `thumbnail`, `large_image`, `option_value`, `created_at`, `updated_at`) VALUES
(247, 'photo', 'photo', '06082021041147-photo.png', '06082021041147-photo.png', '21950', '2021-08-05 22:11:47', '2021-08-05 22:11:47'),
(331, 'payment', 'payment', '16112021165416-200x200-payment.png', '16112021165416-payment.png', '8212', '2021-11-16 10:54:16', '2021-11-16 10:54:16'),
(441, 'favicon', 'favicon', '24062022060012-favicon.ico', '24062022060012-favicon.ico', '5430', '2022-06-24 00:00:12', '2022-06-24 00:00:12'),
(442, 'logo', 'logo', '24062022060027-200x200-logo.png', '24062022060027-logo.png', '16775', '2022-06-24 00:00:27', '2022-06-24 00:00:27'),
(443, 'h1-layer1', 'h1-layer1', '01072022095731-200x200-h1-layer1.png', '01072022095731-h1-layer1.png', '1040462', '2022-07-01 03:57:31', '2022-07-01 03:57:31'),
(444, 'h1-layer5', 'h1-layer5', '01072022095735-200x200-h1-layer5.png', '01072022095735-h1-layer5.png', '366096', '2022-07-01 03:57:35', '2022-07-01 03:57:35'),
(445, 'h1-layer2', 'h1-layer2', '01072022095745-200x200-h1-layer2.png', '01072022095745-h1-layer2.png', '33634', '2022-07-01 03:57:45', '2022-07-01 03:57:45'),
(446, 'h1-layer3', 'h1-layer3', '01072022095750-200x200-h1-layer3.png', '01072022095750-h1-layer3.png', '50012', '2022-07-01 03:57:50', '2022-07-01 03:57:50'),
(447, 'h1-layer4', 'h1-layer4', '01072022095752-200x200-h1-layer4.png', '01072022095752-h1-layer4.png', '49803', '2022-07-01 03:57:52', '2022-07-01 03:57:52'),
(448, 'h1-layer6', 'h1-layer6', '01072022095755-200x200-h1-layer6.png', '01072022095755-h1-layer6.png', '36640', '2022-07-01 03:57:55', '2022-07-01 03:57:55'),
(449, 'h1-layer7', 'h1-layer7', '01072022095757-200x200-h1-layer7.png', '01072022095757-h1-layer7.png', '46145', '2022-07-01 03:57:57', '2022-07-01 03:57:57'),
(450, 'h1-layer8', 'h1-layer8', '01072022095801-200x200-h1-layer8.png', '01072022095801-h1-layer8.png', '35519', '2022-07-01 03:58:01', '2022-07-01 03:58:01'),
(452, 'vegetables', 'vegetables', '01072022115801-600x600-vegetables.png', '01072022115801-vegetables.png', '184224', '2022-07-01 05:58:01', '2022-07-01 05:58:01'),
(453, 'fruit', 'fruit', '01072022120122-600x600-fruit.png', '01072022120122-fruit.png', '177132', '2022-07-01 06:01:22', '2022-07-01 06:01:22'),
(454, 'nutt-and-seeds', 'nutt-and-seeds', '01072022120255-600x600-nutt-and-seeds.png', '01072022120255-nutt-and-seeds.png', '191746', '2022-07-01 06:02:55', '2022-07-01 06:02:55'),
(455, 'bread-and-bakery', 'bread-and-bakery', '01072022120359-600x600-bread-and-bakery.png', '01072022120359-bread-and-bakery.png', '274261', '2022-07-01 06:03:59', '2022-07-01 06:03:59'),
(456, 'juice', 'juice', '01072022120554-600x600-juice.png', '01072022120554-juice.png', '125565', '2022-07-01 06:05:54', '2022-07-01 06:05:54'),
(457, 'fast-food', 'fast-food', '01072022120657-600x600-fast-food.png', '01072022120657-fast-food.png', '245879', '2022-07-01 06:06:57', '2022-07-01 06:06:57'),
(458, 'milk-and-dairy', 'milk-and-dairy', '01072022120745-600x600-milk-and-dairy.png', '01072022120745-milk-and-dairy.png', '166360', '2022-07-01 06:07:45', '2022-07-01 06:07:45'),
(459, 'fresh-meat', 'fresh-meat', '01072022120831-600x600-fresh-meat.png', '01072022120831-fresh-meat.png', '150740', '2022-07-01 06:08:31', '2022-07-01 06:08:31'),
(460, 'fresh-seafood', 'fresh-seafood', '01072022120911-600x600-fresh-seafood.png', '01072022120911-fresh-seafood.png', '158387', '2022-07-01 06:09:11', '2022-07-01 06:09:11'),
(461, 'dry-food', 'dry-food', '01072022121020-600x600-dry-food.png', '01072022121020-dry-food.png', '172173', '2022-07-01 06:10:20', '2022-07-01 06:10:20'),
(462, 'coffee-and-tea', 'coffee-and-tea', '01072022121100-600x600-coffee-and-tea.png', '01072022121100-coffee-and-tea.png', '157391', '2022-07-01 06:11:00', '2022-07-01 06:11:00'),
(463, 'offer-1', 'offer-1', '17072022160150-200x200-offer-1.png', '17072022160150-offer-1.png', '60795', '2022-07-17 10:01:50', '2022-07-17 10:01:50'),
(464, 'offer-2', 'offer-2', '17072022161053-200x200-offer-2.png', '17072022161053-offer-2.png', '52478', '2022-07-17 10:10:53', '2022-07-17 10:10:53'),
(465, 'offer-3', 'offer-3', '17072022161130-200x200-offer-3.png', '17072022161130-offer-3.png', '61968', '2022-07-17 10:11:30', '2022-07-17 10:11:30'),
(466, 'h1_video_bg', 'h1_video_bg', '17072022175837-200x200-h1_video_bg.jpg', '17072022175837-h1_video_bg.jpg', '340793', '2022-07-17 11:58:38', '2022-07-17 11:58:38'),
(467, 'footer-top', 'footer-top', '22072022102835-200x200-footer-top.jpg', '22072022102835-footer-top.jpg', '90298', '2022-07-22 04:28:35', '2022-07-22 04:28:35'),
(490, '12', '12', '31072022063509-200x200-12.jpg', '31072022063509-12.jpg', '41008', '2022-07-31 00:35:09', '2022-07-31 00:35:09'),
(491, '14', '14', '31072022063515-200x200-14.jpg', '31072022063515-14.jpg', '63049', '2022-07-31 00:35:16', '2022-07-31 00:35:16'),
(494, '3', '3', '31072022063546-200x200-3.jpg', '31072022063546-3.jpg', '46379', '2022-07-31 00:35:46', '2022-07-31 00:35:46'),
(496, '5', '5', '31072022063557-200x200-5.jpg', '31072022063557-5.jpg', '46928', '2022-07-31 00:35:57', '2022-07-31 00:35:57'),
(499, '30', '30', '31072022063653-200x200-30.jpg', '31072022063653-30.jpg', '55133', '2022-07-31 00:36:53', '2022-07-31 00:36:53'),
(500, '29', '29', '31072022063710-200x200-29.jpg', '31072022063710-29.jpg', '61829', '2022-07-31 00:37:10', '2022-07-31 00:37:10'),
(503, '10', '10', '31072022063732-200x200-10.jpg', '31072022063732-10.jpg', '35410', '2022-07-31 00:37:32', '2022-07-31 00:37:32'),
(505, '5', '5', '31072022063751-200x200-5.jpg', '31072022063751-5.jpg', '35048', '2022-07-31 00:37:51', '2022-07-31 00:37:51'),
(507, '2', '2', '31072022063809-200x200-2.jpg', '31072022063809-2.jpg', '63377', '2022-07-31 00:38:09', '2022-07-31 00:38:09'),
(510, '11', '11', '31072022063840-200x200-11.jpg', '31072022063840-11.jpg', '86598', '2022-07-31 00:38:40', '2022-07-31 00:38:40'),
(511, '8', '8', '31072022063845-200x200-8.jpg', '31072022063845-8.jpg', '61285', '2022-07-31 00:38:45', '2022-07-31 00:38:45'),
(512, '2', '2', '31072022063900-200x200-2.jpg', '31072022063900-2.jpg', '75753', '2022-07-31 00:39:00', '2022-07-31 00:39:00'),
(516, '9', '9', '31072022063932-200x200-9.jpg', '31072022063932-9.jpg', '68512', '2022-07-31 00:39:32', '2022-07-31 00:39:32'),
(517, '5', '5', '31072022063945-200x200-5.jpg', '31072022063945-5.jpg', '62257', '2022-07-31 00:39:45', '2022-07-31 00:39:45'),
(520, '1', '1', '31072022064011-200x200-1.jpg', '31072022064011-1.jpg', '57186', '2022-07-31 00:40:11', '2022-07-31 00:40:11'),
(521, '4', '4', '31072022064016-200x200-4.jpg', '31072022064016-4.jpg', '46090', '2022-07-31 00:40:16', '2022-07-31 00:40:16'),
(522, '10', '10', '31072022064024-200x200-10.jpg', '31072022064024-10.jpg', '49349', '2022-07-31 00:40:24', '2022-07-31 00:40:24'),
(526, '27', '27', '31072022064110-200x200-27.jpg', '31072022064110-27.jpg', '62831', '2022-07-31 00:41:10', '2022-07-31 00:41:10'),
(528, '10', '10', '31072022064129-200x200-10.jpg', '31072022064129-10.jpg', '75878', '2022-07-31 00:41:29', '2022-07-31 00:41:29'),
(529, '8', '8', '31072022064141-200x200-8.jpg', '31072022064141-8.jpg', '72609', '2022-07-31 00:41:41', '2022-07-31 00:41:41'),
(531, '11', '11', '31072022064207-200x200-11.jpg', '31072022064207-11.jpg', '73004', '2022-07-31 00:42:07', '2022-07-31 00:42:07'),
(532, '5', '5', '31072022064214-200x200-5.jpg', '31072022064214-5.jpg', '77496', '2022-07-31 00:42:14', '2022-07-31 00:42:14'),
(533, '3', '3', '31072022064218-200x200-3.jpg', '31072022064218-3.jpg', '60534', '2022-07-31 00:42:18', '2022-07-31 00:42:18'),
(536, '7', '7', '01082022172357-400x400-7.jpg', '01082022172357-7.jpg', '56749', '2022-08-01 11:23:57', '2022-08-01 11:23:57'),
(537, '18', '18', '01082022172527-400x400-18.jpg', '01082022172527-18.jpg', '55772', '2022-08-01 11:25:27', '2022-08-01 11:25:27'),
(538, '1', '1', '01082022172600-400x400-1.jpg', '01082022172600-1.jpg', '54636', '2022-08-01 11:26:00', '2022-08-01 11:26:00'),
(539, '24', '24', '01082022172650-400x400-24.jpg', '01082022172650-24.jpg', '62342', '2022-08-01 11:26:51', '2022-08-01 11:26:51'),
(540, '7', '7', '01082022172712-400x400-7.jpg', '01082022172712-7.jpg', '66843', '2022-08-01 11:27:12', '2022-08-01 11:27:12'),
(541, '3', '3', '01082022172737-400x400-3.jpg', '01082022172737-3.jpg', '75007', '2022-08-01 11:27:37', '2022-08-01 11:27:37'),
(542, '3', '3', '01082022172802-400x400-3.jpg', '01082022172802-3.jpg', '43906', '2022-08-01 11:28:03', '2022-08-01 11:28:03'),
(543, '11', '11', '01082022172825-400x400-11.jpg', '01082022172825-11.jpg', '58720', '2022-08-01 11:28:25', '2022-08-01 11:28:25'),
(544, '9', '9', '01082022172846-400x400-9.jpg', '01082022172846-9.jpg', '65534', '2022-08-01 11:28:46', '2022-08-01 11:28:46'),
(545, '1', '1', '01082022172932-400x400-1.jpg', '01082022172932-1.jpg', '59010', '2022-08-01 11:29:32', '2022-08-01 11:29:32'),
(546, '8', '8', '01082022172956-400x400-8.jpg', '01082022172956-8.jpg', '70583', '2022-08-01 11:29:56', '2022-08-01 11:29:56'),
(547, '17', '17', '01082022173019-400x400-17.jpg', '01082022173019-17.jpg', '59888', '2022-08-01 11:30:19', '2022-08-01 11:30:19'),
(548, '9', '9', '01082022173052-400x400-9.jpg', '01082022173052-9.jpg', '69396', '2022-08-01 11:30:52', '2022-08-01 11:30:52'),
(549, '4', '4', '01082022173115-400x400-4.jpg', '01082022173115-4.jpg', '65766', '2022-08-01 11:31:15', '2022-08-01 11:31:15'),
(550, '1', '1', '01082022173141-400x400-1.jpg', '01082022173141-1.jpg', '65230', '2022-08-01 11:31:41', '2022-08-01 11:31:41'),
(551, '4', '4', '01082022173225-400x400-4.jpg', '01082022173225-4.jpg', '33162', '2022-08-01 11:32:25', '2022-08-01 11:32:25'),
(552, '1', '1', '01082022173248-400x400-1.jpg', '01082022173248-1.jpg', '51039', '2022-08-01 11:32:48', '2022-08-01 11:32:48'),
(553, '14', '14', '01082022173741-400x400-14.jpg', '01082022173741-14.jpg', '43219', '2022-08-01 11:37:41', '2022-08-01 11:37:41'),
(555, '4', '4', '01082022174052-400x400-4.jpg', '01082022174052-4.jpg', '61634', '2022-08-01 11:40:52', '2022-08-01 11:40:52'),
(556, '18', '18', '02082022143408-400x400-18.jpg', '02082022143408-18.jpg', '44654', '2022-08-02 08:34:08', '2022-08-02 08:34:08'),
(557, '8', '8', '02082022143457-400x400-8.jpg', '02082022143457-8.jpg', '46149', '2022-08-02 08:34:57', '2022-08-02 08:34:57'),
(558, '5', '5', '02082022143530-400x400-5.jpg', '02082022143530-5.jpg', '51760', '2022-08-02 08:35:30', '2022-08-02 08:35:30'),
(560, '1', '1', '02082022143652-400x400-1.jpg', '02082022143652-1.jpg', '57333', '2022-08-02 08:36:52', '2022-08-02 08:36:52'),
(561, '6', '6', '02082022143742-400x400-6.jpg', '02082022143742-6.jpg', '39486', '2022-08-02 08:37:42', '2022-08-02 08:37:42'),
(562, '4', '4', '02082022143827-400x400-4.jpg', '02082022143827-4.jpg', '42217', '2022-08-02 08:38:27', '2022-08-02 08:38:27'),
(563, '2', '2', '02082022143908-400x400-2.jpg', '02082022143908-2.jpg', '41853', '2022-08-02 08:39:08', '2022-08-02 08:39:08'),
(564, '9', '9', '02082022143955-400x400-9.jpg', '02082022143955-9.jpg', '31239', '2022-08-02 08:39:55', '2022-08-02 08:39:55'),
(565, '4', '4', '02082022144027-400x400-4.jpg', '02082022144027-4.jpg', '35467', '2022-08-02 08:40:27', '2022-08-02 08:40:27'),
(566, '5', '5', '02082022144140-400x400-5.jpg', '02082022144140-5.jpg', '41636', '2022-08-02 08:41:40', '2022-08-02 08:41:40'),
(567, '6', '6', '02082022144221-400x400-6.jpg', '02082022144221-6.jpg', '32997', '2022-08-02 08:42:21', '2022-08-02 08:42:21'),
(568, '4', '4', '02082022144310-400x400-4.jpg', '02082022144310-4.jpg', '38297', '2022-08-02 08:43:10', '2022-08-02 08:43:10'),
(569, '3', '3', '02082022144346-400x400-3.jpg', '02082022144346-3.jpg', '40960', '2022-08-02 08:43:46', '2022-08-02 08:43:46'),
(572, '26', '26', '05082022165653-400x400-26.jpg', '05082022165653-26.jpg', '59629', '2022-08-05 10:56:53', '2022-08-05 10:56:53'),
(578, '1-garlic', '1-garlic', '18082022123324-600x600-1-garlic.jpg', '18082022123324-1-garlic.jpg', '69229', '2022-08-18 06:33:24', '2022-08-18 06:33:24'),
(579, '2-garlic', '2-garlic', '18082022123333-600x600-2-garlic.jpg', '18082022123333-2-garlic.jpg', '71703', '2022-08-18 06:33:33', '2022-08-18 06:33:33'),
(580, '3-garlic', '3-garlic', '18082022123337-600x600-3-garlic.jpg', '18082022123337-3-garlic.jpg', '69346', '2022-08-18 06:33:37', '2022-08-18 06:33:37'),
(581, '4-garlic', '4-garlic', '18082022123536-600x600-4-garlic.jpg', '18082022123536-4-garlic.jpg', '69533', '2022-08-18 06:35:36', '2022-08-18 06:35:36'),
(582, '5-garlic', '5-garlic', '18082022123541-600x600-5-garlic.jpg', '18082022123541-5-garlic.jpg', '61794', '2022-08-18 06:35:41', '2022-08-18 06:35:41'),
(583, '6-garlic', '6-garlic', '18082022123544-600x600-6-garlic.jpg', '18082022123544-6-garlic.jpg', '71937', '2022-08-18 06:35:44', '2022-08-18 06:35:44'),
(584, '1-red-pepper', '1-red-pepper', '18082022135056-600x600-1-red-pepper.jpg', '18082022135056-1-red-pepper.jpg', '67020', '2022-08-18 07:50:56', '2022-08-18 07:50:56'),
(585, '2-red-pepper', '2-red-pepper', '18082022135100-600x600-2-red-pepper.jpg', '18082022135100-2-red-pepper.jpg', '70681', '2022-08-18 07:51:00', '2022-08-18 07:51:00'),
(586, '3-red-pepper', '3-red-pepper', '18082022135103-600x600-3-red-pepper.jpg', '18082022135103-3-red-pepper.jpg', '83263', '2022-08-18 07:51:03', '2022-08-18 07:51:03'),
(587, '4-red-pepper', '4-red-pepper', '18082022135106-600x600-4-red-pepper.jpg', '18082022135106-4-red-pepper.jpg', '97895', '2022-08-18 07:51:06', '2022-08-18 07:51:06'),
(588, '5-red-pepper', '5-red-pepper', '18082022135110-600x600-5-red-pepper.jpg', '18082022135110-5-red-pepper.jpg', '85304', '2022-08-18 07:51:10', '2022-08-18 07:51:10'),
(589, '6-red-pepper', '6-red-pepper', '18082022135113-600x600-6-red-pepper.jpg', '18082022135113-6-red-pepper.jpg', '86126', '2022-08-18 07:51:13', '2022-08-18 07:51:13'),
(590, 'home1-bg-slider', 'home1-bg-slider', '18082022135936-400x400-home1-bg-slider.jpg', '18082022135936-home1-bg-slider.jpg', '46631', '2022-08-18 07:59:36', '2022-08-18 07:59:36'),
(591, 'home1-bg-offer', 'home1-bg-offer', '18082022140338-400x400-home1-bg-offer.jpg', '18082022140338-home1-bg-offer.jpg', '39542', '2022-08-18 08:03:38', '2022-08-18 08:03:38'),
(592, 'footer_bg', 'footer_bg', '18082022140802-400x400-footer_bg.jpg', '18082022140802-footer_bg.jpg', '39542', '2022-08-18 08:08:02', '2022-08-18 08:08:02'),
(593, '1-potato', '1-potato', '18082022140944-600x600-1-potato.jpg', '18082022140944-1-potato.jpg', '64023', '2022-08-18 08:09:44', '2022-08-18 08:09:44'),
(594, '2-potato', '2-potato', '18082022140948-600x600-2-potato.jpg', '18082022140948-2-potato.jpg', '79022', '2022-08-18 08:09:48', '2022-08-18 08:09:48'),
(595, '3-potato', '3-potato', '18082022140954-600x600-3-potato.jpg', '18082022140954-3-potato.jpg', '78839', '2022-08-18 08:09:54', '2022-08-18 08:09:54'),
(596, '4-potato', '4-potato', '18082022140957-600x600-4-potato.jpg', '18082022140957-4-potato.jpg', '78735', '2022-08-18 08:09:57', '2022-08-18 08:09:57'),
(597, '5-potato', '5-potato', '18082022141000-600x600-5-potato.jpg', '18082022141000-5-potato.jpg', '69201', '2022-08-18 08:10:00', '2022-08-18 08:10:00'),
(598, '6-potato', '6-potato', '18082022141004-600x600-6-potato.jpg', '18082022141004-6-potato.jpg', '97305', '2022-08-18 08:10:04', '2022-08-18 08:10:04'),
(599, '7-potato', '7-potato', '18082022141007-600x600-7-potato.jpg', '18082022141007-7-potato.jpg', '99215', '2022-08-18 08:10:08', '2022-08-18 08:10:08'),
(600, '1-lotus-seeds', '1-lotus-seeds', '18082022150003-600x600-1-lotus-seeds.jpg', '18082022150003-1-lotus-seeds.jpg', '76427', '2022-08-18 09:00:03', '2022-08-18 09:00:03'),
(601, '2-lotus-seeds', '2-lotus-seeds', '18082022150007-600x600-2-lotus-seeds.jpg', '18082022150007-2-lotus-seeds.jpg', '62658', '2022-08-18 09:00:07', '2022-08-18 09:00:07'),
(602, '3-lotus-seeds', '3-lotus-seeds', '18082022150010-600x600-3-lotus-seeds.jpg', '18082022150010-3-lotus-seeds.jpg', '72466', '2022-08-18 09:00:10', '2022-08-18 09:00:10'),
(603, '4-lotus-seeds', '4-lotus-seeds', '18082022150026-600x600-4-lotus-seeds.jpg', '18082022150026-4-lotus-seeds.jpg', '57106', '2022-08-18 09:00:26', '2022-08-18 09:00:26'),
(604, '5-lotus-seeds', '5-lotus-seeds', '18082022150029-600x600-5-lotus-seeds.jpg', '18082022150029-5-lotus-seeds.jpg', '83364', '2022-08-18 09:00:29', '2022-08-18 09:00:29'),
(605, '6-lotus-seeds', '6-lotus-seeds', '18082022150032-600x600-6-lotus-seeds.jpg', '18082022150032-6-lotus-seeds.jpg', '86399', '2022-08-18 09:00:32', '2022-08-18 09:00:32'),
(606, '7-lotus-seeds', '7-lotus-seeds', '18082022150036-600x600-7-lotus-seeds.jpg', '18082022150036-7-lotus-seeds.jpg', '75138', '2022-08-18 09:00:36', '2022-08-18 09:00:36'),
(607, '1-pistachio', '1-pistachio', '18082022151446-600x600-1-pistachio.jpg', '18082022151446-1-pistachio.jpg', '77898', '2022-08-18 09:14:46', '2022-08-18 09:14:46'),
(608, '2-pistachio', '2-pistachio', '18082022151450-600x600-2-pistachio.jpg', '18082022151450-2-pistachio.jpg', '111159', '2022-08-18 09:14:50', '2022-08-18 09:14:50'),
(609, '3-pistachio', '3-pistachio', '18082022151452-600x600-3-pistachio.jpg', '18082022151452-3-pistachio.jpg', '79510', '2022-08-18 09:14:53', '2022-08-18 09:14:53'),
(610, '4-pistachio', '4-pistachio', '18082022151457-600x600-4-pistachio.jpg', '18082022151457-4-pistachio.jpg', '74206', '2022-08-18 09:14:57', '2022-08-18 09:14:57'),
(611, '5-pistachio', '5-pistachio', '18082022151500-600x600-5-pistachio.jpg', '18082022151500-5-pistachio.jpg', '77471', '2022-08-18 09:15:00', '2022-08-18 09:15:00'),
(612, '6-pistachio', '6-pistachio', '18082022151502-600x600-6-pistachio.jpg', '18082022151502-6-pistachio.jpg', '92185', '2022-08-18 09:15:02', '2022-08-18 09:15:02'),
(613, '7-pistachio', '7-pistachio', '18082022151504-600x600-7-pistachio.jpg', '18082022151504-7-pistachio.jpg', '70181', '2022-08-18 09:15:04', '2022-08-18 09:15:04'),
(614, '1-walnuts', '1-walnuts', '18082022153802-600x600-1-walnuts.jpg', '18082022153802-1-walnuts.jpg', '98086', '2022-08-18 09:38:02', '2022-08-18 09:38:02'),
(615, '2-walnuts', '2-walnuts', '18082022153806-600x600-2-walnuts.jpg', '18082022153806-2-walnuts.jpg', '83638', '2022-08-18 09:38:06', '2022-08-18 09:38:06'),
(616, '3-walnuts', '3-walnuts', '18082022153808-600x600-3-walnuts.jpg', '18082022153808-3-walnuts.jpg', '83992', '2022-08-18 09:38:08', '2022-08-18 09:38:08'),
(617, '4-walnuts', '4-walnuts', '18082022153810-600x600-4-walnuts.jpg', '18082022153810-4-walnuts.jpg', '104663', '2022-08-18 09:38:10', '2022-08-18 09:38:10'),
(618, '5-walnuts', '5-walnuts', '18082022153812-600x600-5-walnuts.jpg', '18082022153812-5-walnuts.jpg', '67250', '2022-08-18 09:38:12', '2022-08-18 09:38:12'),
(619, '1-milk-splash', '1-milk-splash', '18082022155122-600x600-1-milk-splash.jpg', '18082022155122-1-milk-splash.jpg', '51650', '2022-08-18 09:51:22', '2022-08-18 09:51:22'),
(620, '2-milk-splash', '2-milk-splash', '18082022155126-600x600-2-milk-splash.jpg', '18082022155126-2-milk-splash.jpg', '54281', '2022-08-18 09:51:26', '2022-08-18 09:51:26'),
(621, '3-milk-splash', '3-milk-splash', '18082022155129-600x600-3-milk-splash.jpg', '18082022155129-3-milk-splash.jpg', '54653', '2022-08-18 09:51:29', '2022-08-18 09:51:29'),
(623, '5-milk-splash', '5-milk-splash', '18082022155136-600x600-5-milk-splash.jpg', '18082022155136-5-milk-splash.jpg', '53022', '2022-08-18 09:51:36', '2022-08-18 09:51:36'),
(624, '4-milk-splash', '4-milk-splash', '18082022155447-600x600-4-milk-splash.jpg', '18082022155447-4-milk-splash.jpg', '53873', '2022-08-18 09:54:47', '2022-08-18 09:54:47'),
(625, '1-cheese', '1-cheese', '18082022171458-600x600-1-cheese.jpg', '18082022171458-1-cheese.jpg', '62012', '2022-08-18 11:14:58', '2022-08-18 11:14:58'),
(626, '2-cheese', '2-cheese', '18082022171502-600x600-2-cheese.jpg', '18082022171502-2-cheese.jpg', '63404', '2022-08-18 11:15:02', '2022-08-18 11:15:02'),
(627, '3-cheese', '3-cheese', '18082022171507-600x600-3-cheese.jpg', '18082022171507-3-cheese.jpg', '95590', '2022-08-18 11:15:07', '2022-08-18 11:15:07'),
(628, '4-cheese', '4-cheese', '18082022171511-600x600-4-cheese.jpg', '18082022171511-4-cheese.jpg', '76437', '2022-08-18 11:15:11', '2022-08-18 11:15:11'),
(629, '5-cheese', '5-cheese', '18082022171514-600x600-5-cheese.jpg', '18082022171514-5-cheese.jpg', '71338', '2022-08-18 11:15:14', '2022-08-18 11:15:14'),
(631, '6-cheese', '6-cheese', '18082022171602-600x600-6-cheese.jpg', '18082022171602-6-cheese.jpg', '86087', '2022-08-18 11:16:02', '2022-08-18 11:16:02'),
(632, '7-cheese', '7-cheese', '18082022171605-600x600-7-cheese.jpg', '18082022171605-7-cheese.jpg', '84398', '2022-08-18 11:16:05', '2022-08-18 11:16:05'),
(633, '1-dairy-products', '1-dairy-products', '18082022174441-600x600-1-dairy-products.jpg', '18082022174441-1-dairy-products.jpg', '69181', '2022-08-18 11:44:41', '2022-08-18 11:44:41'),
(634, '2-dairy-products', '2-dairy-products', '18082022174445-600x600-2-dairy-products.jpg', '18082022174445-2-dairy-products.jpg', '77043', '2022-08-18 11:44:45', '2022-08-18 11:44:45'),
(635, '3-dairy-products', '3-dairy-products', '18082022174448-600x600-3-dairy-products.jpg', '18082022174448-3-dairy-products.jpg', '85353', '2022-08-18 11:44:48', '2022-08-18 11:44:48'),
(636, '4-dairy-products', '4-dairy-products', '18082022174452-600x600-4-dairy-products.jpg', '18082022174452-4-dairy-products.jpg', '68236', '2022-08-18 11:44:52', '2022-08-18 11:44:52'),
(637, '5-dairy-products', '5-dairy-products', '18082022174457-600x600-5-dairy-products.jpg', '18082022174457-5-dairy-products.jpg', '97186', '2022-08-18 11:44:57', '2022-08-18 11:44:57'),
(638, '6-dairy-products', '6-dairy-products', '18082022174502-600x600-6-dairy-products.jpg', '18082022174502-6-dairy-products.jpg', '68351', '2022-08-18 11:45:02', '2022-08-18 11:45:02'),
(639, '6-fruit-juice', '6-fruit-juice', '18082022175722-600x600-6-fruit-juice.jpg', '18082022175722-6-fruit-juice.jpg', '76520', '2022-08-18 11:57:22', '2022-08-18 11:57:22'),
(640, '5-fruit-juice', '5-fruit-juice', '18082022175726-600x600-5-fruit-juice.jpg', '18082022175726-5-fruit-juice.jpg', '84859', '2022-08-18 11:57:26', '2022-08-18 11:57:26'),
(641, '4-fruit-juice', '4-fruit-juice', '18082022175730-600x600-4-fruit-juice.jpg', '18082022175730-4-fruit-juice.jpg', '71046', '2022-08-18 11:57:30', '2022-08-18 11:57:30'),
(642, '3-fruit-juice', '3-fruit-juice', '18082022175734-600x600-3-fruit-juice.jpg', '18082022175734-3-fruit-juice.jpg', '76620', '2022-08-18 11:57:34', '2022-08-18 11:57:34'),
(643, '2-fruit-juice', '2-fruit-juice', '18082022175917-600x600-2-fruit-juice.jpg', '18082022175917-2-fruit-juice.jpg', '76224', '2022-08-18 11:59:17', '2022-08-18 11:59:17'),
(644, '2-pomegranate-juice', '2-pomegranate-juice', '18082022180759-600x600-2-pomegranate-juice.jpg', '18082022180759-2-pomegranate-juice.jpg', '91928', '2022-08-18 12:07:59', '2022-08-18 12:07:59'),
(645, '1-pomegranate-juice', '1-pomegranate-juice', '18082022180809-600x600-1-pomegranate-juice.jpg', '18082022180809-1-pomegranate-juice.jpg', '78788', '2022-08-18 12:08:09', '2022-08-18 12:08:09'),
(646, '4-pomegranate-juice', '4-pomegranate-juice', '18082022180824-600x600-4-pomegranate-juice.jpg', '18082022180824-4-pomegranate-juice.jpg', '93754', '2022-08-18 12:08:24', '2022-08-18 12:08:24'),
(647, '3-pomegranate-juice', '3-pomegranate-juice', '18082022180829-600x600-3-pomegranate-juice.jpg', '18082022180829-3-pomegranate-juice.jpg', '84217', '2022-08-18 12:08:29', '2022-08-18 12:08:29'),
(648, '1-cocktail-soft-drink', '1-cocktail-soft-drink', '19082022031029-600x600-1-cocktail-soft-drink.jpg', '19082022031029-1-cocktail-soft-drink.jpg', '65934', '2022-08-18 21:10:29', '2022-08-18 21:10:29'),
(649, '2-cocktail-soft-drink', '2-cocktail-soft-drink', '19082022031032-600x600-2-cocktail-soft-drink.jpg', '19082022031032-2-cocktail-soft-drink.jpg', '68499', '2022-08-18 21:10:32', '2022-08-18 21:10:32'),
(650, '3-cocktail-soft-drink', '3-cocktail-soft-drink', '19082022031036-600x600-3-cocktail-soft-drink.jpg', '19082022031036-3-cocktail-soft-drink.jpg', '96044', '2022-08-18 21:10:36', '2022-08-18 21:10:36'),
(651, '4-cocktail-soft-drink', '4-cocktail-soft-drink', '19082022031039-600x600-4-cocktail-soft-drink.jpg', '19082022031039-4-cocktail-soft-drink.jpg', '69707', '2022-08-18 21:10:39', '2022-08-18 21:10:39'),
(652, '1-snow-crab', '1-snow-crab', '19082022032359-600x600-1-snow-crab.jpg', '19082022032359-1-snow-crab.jpg', '119920', '2022-08-18 21:23:59', '2022-08-18 21:23:59'),
(653, '2-snow-crab', '2-snow-crab', '19082022032402-600x600-2-snow-crab.jpg', '19082022032402-2-snow-crab.jpg', '107453', '2022-08-18 21:24:02', '2022-08-18 21:24:02'),
(654, '3-snow-crab', '3-snow-crab', '19082022032405-600x600-3-snow-crab.jpg', '19082022032405-3-snow-crab.jpg', '87903', '2022-08-18 21:24:05', '2022-08-18 21:24:05'),
(655, '4-snow-crab', '4-snow-crab', '19082022032408-600x600-4-snow-crab.jpg', '19082022032408-4-snow-crab.jpg', '76649', '2022-08-18 21:24:08', '2022-08-18 21:24:08'),
(656, '1-crayfish', '1-crayfish', '19082022035247-600x600-1-crayfish.jpg', '19082022035247-1-crayfish.jpg', '92013', '2022-08-18 21:52:47', '2022-08-18 21:52:47'),
(657, '2-crayfish', '2-crayfish', '19082022035252-600x600-2-crayfish.jpg', '19082022035252-2-crayfish.jpg', '78224', '2022-08-18 21:52:52', '2022-08-18 21:52:52'),
(658, '3-crayfish', '3-crayfish', '19082022035255-600x600-3-crayfish.jpg', '19082022035255-3-crayfish.jpg', '85027', '2022-08-18 21:52:55', '2022-08-18 21:52:55'),
(659, '4-crayfish', '4-crayfish', '19082022035258-600x600-4-crayfish.jpg', '19082022035258-4-crayfish.jpg', '80280', '2022-08-18 21:52:58', '2022-08-18 21:52:58'),
(660, '1-squid', '1-squid', '19082022040651-600x600-1-squid.jpg', '19082022040651-1-squid.jpg', '68159', '2022-08-18 22:06:51', '2022-08-18 22:06:51'),
(661, '2-squid', '2-squid', '19082022040654-600x600-2-squid.jpg', '19082022040654-2-squid.jpg', '63012', '2022-08-18 22:06:54', '2022-08-18 22:06:54'),
(662, '3-squid', '3-squid', '19082022040657-600x600-3-squid.jpg', '19082022040657-3-squid.jpg', '68586', '2022-08-18 22:06:57', '2022-08-18 22:06:57'),
(663, '4-squid', '4-squid', '19082022040700-600x600-4-squid.jpg', '19082022040700-4-squid.jpg', '91243', '2022-08-18 22:07:00', '2022-08-18 22:07:00'),
(664, '1-chicken', '1-chicken', '19082022041622-400x400-1-chicken.jpg', '19082022041622-1-chicken.jpg', '68397', '2022-08-18 22:16:22', '2022-08-18 22:16:22'),
(665, '2-chicken', '2-chicken', '19082022041625-400x400-2-chicken.jpg', '19082022041625-2-chicken.jpg', '69711', '2022-08-18 22:16:25', '2022-08-18 22:16:25'),
(666, '3-chicken', '3-chicken', '19082022041628-400x400-3-chicken.jpg', '19082022041628-3-chicken.jpg', '70607', '2022-08-18 22:16:28', '2022-08-18 22:16:28'),
(667, '4-chicken', '4-chicken', '19082022041949-600x600-4-chicken.jpg', '19082022041949-4-chicken.jpg', '79294', '2022-08-18 22:19:49', '2022-08-18 22:19:49'),
(668, '1-rack-of-lamb', '1-rack-of-lamb', '19082022042756-600x600-1-rack-of-lamb.jpg', '19082022042756-1-rack-of-lamb.jpg', '87603', '2022-08-18 22:27:56', '2022-08-18 22:27:56'),
(669, '2-rack-of-lamb', '2-rack-of-lamb', '19082022042800-600x600-2-rack-of-lamb.jpg', '19082022042800-2-rack-of-lamb.jpg', '69080', '2022-08-18 22:28:00', '2022-08-18 22:28:00'),
(670, '3-rack-of-lamb', '3-rack-of-lamb', '19082022042803-600x600-3-rack-of-lamb.jpg', '19082022042803-3-rack-of-lamb.jpg', '96447', '2022-08-18 22:28:03', '2022-08-18 22:28:03'),
(671, '4-rack-of-lamb', '4-rack-of-lamb', '19082022042805-600x600-4-rack-of-lamb.jpg', '19082022042805-4-rack-of-lamb.jpg', '71427', '2022-08-18 22:28:06', '2022-08-18 22:28:06'),
(672, '2-chicken', '2-chicken', '19082022043756-600x600-2-chicken.jpg', '19082022043756-2-chicken.jpg', '80055', '2022-08-18 22:37:57', '2022-08-18 22:37:57'),
(673, '4-chicken', '4-chicken', '19082022043759-600x600-4-chicken.jpg', '19082022043759-4-chicken.jpg', '91099', '2022-08-18 22:37:59', '2022-08-18 22:37:59'),
(674, '1-raw-chicken-legs', '1-raw-chicken-legs', '19082022043919-600x600-1-raw-chicken-legs.jpg', '19082022043919-1-raw-chicken-legs.jpg', '75564', '2022-08-18 22:39:19', '2022-08-18 22:39:19'),
(675, '3-raw-chicken-legs', '3-raw-chicken-legs', '19082022043922-600x600-3-raw-chicken-legs.jpg', '19082022043922-3-raw-chicken-legs.jpg', '124101', '2022-08-18 22:39:23', '2022-08-18 22:39:23'),
(676, '1-blackberry', '1-blackberry', '19082022044622-400x400-1-blackberry.jpg', '19082022044622-1-blackberry.jpg', '84951', '2022-08-18 22:46:22', '2022-08-18 22:46:22'),
(677, '2-blackberry', '2-blackberry', '19082022044625-400x400-2-blackberry.jpg', '19082022044625-2-blackberry.jpg', '80751', '2022-08-18 22:46:25', '2022-08-18 22:46:25'),
(678, '3-blackberry', '3-blackberry', '19082022044628-400x400-3-blackberry.jpg', '19082022044628-3-blackberry.jpg', '89988', '2022-08-18 22:46:28', '2022-08-18 22:46:28'),
(679, '1-passion', '1-passion', '19082022050242-600x600-1-passion.jpg', '19082022050242-1-passion.jpg', '108207', '2022-08-18 23:02:42', '2022-08-18 23:02:42'),
(680, '2-passion', '2-passion', '19082022050245-600x600-2-passion.jpg', '19082022050245-2-passion.jpg', '105597', '2022-08-18 23:02:46', '2022-08-18 23:02:46'),
(681, '3-passion', '3-passion', '19082022050248-600x600-3-passion.jpg', '19082022050248-3-passion.jpg', '92662', '2022-08-18 23:02:48', '2022-08-18 23:02:48'),
(682, '4-passion', '4-passion', '19082022050251-600x600-4-passion.jpg', '19082022050251-4-passion.jpg', '87726', '2022-08-18 23:02:51', '2022-08-18 23:02:51'),
(683, '1-peach', '1-peach', '19082022051624-600x600-1-peach.jpg', '19082022051624-1-peach.jpg', '92705', '2022-08-18 23:16:24', '2022-08-18 23:16:24'),
(684, '2-peach', '2-peach', '19082022051627-600x600-2-peach.jpg', '19082022051627-2-peach.jpg', '84713', '2022-08-18 23:16:27', '2022-08-18 23:16:27'),
(685, '3-peach', '3-peach', '19082022051631-600x600-3-peach.jpg', '19082022051631-3-peach.jpg', '83777', '2022-08-18 23:16:31', '2022-08-18 23:16:31'),
(686, '4-peach', '4-peach', '19082022051634-600x600-4-peach.jpg', '19082022051634-4-peach.jpg', '90291', '2022-08-18 23:16:34', '2022-08-18 23:16:34'),
(687, '1-pizza', '1-pizza', '19082022052814-600x600-1-pizza.jpg', '19082022052814-1-pizza.jpg', '93117', '2022-08-18 23:28:14', '2022-08-18 23:28:14'),
(688, '2-pizza', '2-pizza', '19082022052817-600x600-2-pizza.jpg', '19082022052817-2-pizza.jpg', '104220', '2022-08-18 23:28:17', '2022-08-18 23:28:17'),
(689, '3-pizza', '3-pizza', '19082022052820-600x600-3-pizza.jpg', '19082022052820-3-pizza.jpg', '100579', '2022-08-18 23:28:20', '2022-08-18 23:28:20'),
(690, '4-pizza', '4-pizza', '19082022052823-600x600-4-pizza.jpg', '19082022052823-4-pizza.jpg', '89992', '2022-08-18 23:28:23', '2022-08-18 23:28:23'),
(691, '1-chicken-wings', '1-chicken-wings', '19082022054547-600x600-1-chicken-wings.jpg', '19082022054547-1-chicken-wings.jpg', '100222', '2022-08-18 23:45:47', '2022-08-18 23:45:47'),
(692, '2-chicken-wings', '2-chicken-wings', '19082022054551-600x600-2-chicken-wings.jpg', '19082022054551-2-chicken-wings.jpg', '77458', '2022-08-18 23:45:51', '2022-08-18 23:45:51'),
(693, '3-chicken-wings', '3-chicken-wings', '19082022054554-600x600-3-chicken-wings.jpg', '19082022054554-3-chicken-wings.jpg', '83574', '2022-08-18 23:45:54', '2022-08-18 23:45:54'),
(694, '4-chicken-wings', '4-chicken-wings', '19082022054557-600x600-4-chicken-wings.jpg', '19082022054557-4-chicken-wings.jpg', '82045', '2022-08-18 23:45:57', '2022-08-18 23:45:57'),
(697, '1-sandwich', '1-sandwich', '19082022093540-600x600-1-sandwich.jpg', '19082022093540-1-sandwich.jpg', '121445', '2022-08-19 03:35:40', '2022-08-19 03:35:40'),
(698, '2-sandwich', '2-sandwich', '19082022093545-600x600-2-sandwich.jpg', '19082022093545-2-sandwich.jpg', '112183', '2022-08-19 03:35:45', '2022-08-19 03:35:45'),
(699, '3-sandwich', '3-sandwich', '19082022093548-600x600-3-sandwich.jpg', '19082022093548-3-sandwich.jpg', '92642', '2022-08-19 03:35:49', '2022-08-19 03:35:49'),
(700, '4-sandwich', '4-sandwich', '19082022093552-600x600-4-sandwich.jpg', '19082022093552-4-sandwich.jpg', '97780', '2022-08-19 03:35:52', '2022-08-19 03:35:52'),
(701, '5-sandwich', '5-sandwich', '19082022093555-600x600-5-sandwich.jpg', '19082022093555-5-sandwich.jpg', '74895', '2022-08-19 03:35:55', '2022-08-19 03:35:55'),
(702, '1-mixed-dry-fruits', '1-mixed-dry-fruits', '19082022094844-400x400-1-mixed-dry-fruits.jpg', '19082022094844-1-mixed-dry-fruits.jpg', '100759', '2022-08-19 03:48:45', '2022-08-19 03:48:45'),
(703, '2-mixed-dry-fruits', '2-mixed-dry-fruits', '19082022094855-400x400-2-mixed-dry-fruits.jpg', '19082022094855-2-mixed-dry-fruits.jpg', '76614', '2022-08-19 03:48:55', '2022-08-19 03:48:55'),
(704, '3-mixed-dry-fruits', '3-mixed-dry-fruits', '19082022094858-400x400-3-mixed-dry-fruits.jpg', '19082022094858-3-mixed-dry-fruits.jpg', '81772', '2022-08-19 03:48:58', '2022-08-19 03:48:58'),
(705, '4-mixed-dry-fruits', '4-mixed-dry-fruits', '19082022094902-400x400-4-mixed-dry-fruits.jpg', '19082022094902-4-mixed-dry-fruits.jpg', '75634', '2022-08-19 03:49:02', '2022-08-19 03:49:02'),
(706, '1-cashews', '1-cashews', '19082022100202-400x400-1-cashews.jpg', '19082022100202-1-cashews.jpg', '72320', '2022-08-19 04:02:02', '2022-08-19 04:02:02'),
(707, '2-cashews', '2-cashews', '19082022100205-400x400-2-cashews.jpg', '19082022100205-2-cashews.jpg', '78948', '2022-08-19 04:02:05', '2022-08-19 04:02:05'),
(708, '3-cashews', '3-cashews', '19082022100208-400x400-3-cashews.jpg', '19082022100208-3-cashews.jpg', '70591', '2022-08-19 04:02:08', '2022-08-19 04:02:08'),
(709, '1-almond-badam', '1-almond-badam', '19082022100759-400x400-1-almond-badam.jpg', '19082022100759-1-almond-badam.jpg', '76824', '2022-08-19 04:07:59', '2022-08-19 04:07:59'),
(710, '2-almond-badam', '2-almond-badam', '19082022100801-400x400-2-almond-badam.jpg', '19082022100801-2-almond-badam.jpg', '73805', '2022-08-19 04:08:01', '2022-08-19 04:08:01'),
(711, '3-almond-badam', '3-almond-badam', '19082022100804-400x400-3-almond-badam.jpg', '19082022100804-3-almond-badam.jpg', '90721', '2022-08-19 04:08:04', '2022-08-19 04:08:04'),
(712, '1-herbal-tea', '1-herbal-tea', '19082022101914-600x600-1-herbal-tea.jpg', '19082022101914-1-herbal-tea.jpg', '64659', '2022-08-19 04:19:15', '2022-08-19 04:19:15'),
(713, '2-herbal-tea', '2-herbal-tea', '19082022101918-600x600-2-herbal-tea.jpg', '19082022101918-2-herbal-tea.jpg', '65182', '2022-08-19 04:19:18', '2022-08-19 04:19:18'),
(714, '3-herbal-tea', '3-herbal-tea', '19082022101920-600x600-3-herbal-tea.jpg', '19082022101920-3-herbal-tea.jpg', '62257', '2022-08-19 04:19:20', '2022-08-19 04:19:20'),
(715, '1-coffee-latte', '1-coffee-latte', '19082022102541-600x600-1-coffee-latte.jpg', '19082022102541-1-coffee-latte.jpg', '71705', '2022-08-19 04:25:41', '2022-08-19 04:25:41'),
(716, '2-coffee-latte', '2-coffee-latte', '19082022102545-600x600-2-coffee-latte.jpg', '19082022102545-2-coffee-latte.jpg', '64828', '2022-08-19 04:25:45', '2022-08-19 04:25:45'),
(717, '1-green-tea', '1-green-tea', '19082022103010-400x400-1-green-tea.jpg', '19082022103010-1-green-tea.jpg', '81500', '2022-08-19 04:30:10', '2022-08-19 04:30:10'),
(718, '2-green-tea', '2-green-tea', '19082022103014-400x400-2-green-tea.jpg', '19082022103014-2-green-tea.jpg', '80422', '2022-08-19 04:30:14', '2022-08-19 04:30:14'),
(719, '3-green-tea', '3-green-tea', '19082022103017-400x400-3-green-tea.jpg', '19082022103017-3-green-tea.jpg', '67458', '2022-08-19 04:30:17', '2022-08-19 04:30:17'),
(720, '2-pastry', '2-pastry', '19082022103844-400x400-2-pastry.jpg', '19082022103844-2-pastry.jpg', '76709', '2022-08-19 04:38:44', '2022-08-19 04:38:44'),
(721, '1-pastry', '1-pastry', '19082022103847-400x400-1-pastry.jpg', '19082022103847-1-pastry.jpg', '63752', '2022-08-19 04:38:47', '2022-08-19 04:38:47'),
(722, '3-pastry', '3-pastry', '19082022103850-400x400-3-pastry.jpg', '19082022103850-3-pastry.jpg', '96196', '2022-08-19 04:38:50', '2022-08-19 04:38:50'),
(723, '1-w-bread', '1-w-bread', '19082022104438-600x600-1-w-bread.jpg', '19082022104438-1-w-bread.jpg', '82945', '2022-08-19 04:44:38', '2022-08-19 04:44:38'),
(724, '2-w-bread', '2-w-bread', '19082022104442-600x600-2-w-bread.jpg', '19082022104442-2-w-bread.jpg', '79438', '2022-08-19 04:44:42', '2022-08-19 04:44:42'),
(725, '3-w-bread', '3-w-bread', '19082022104445-600x600-3-w-bread.jpg', '19082022104445-3-w-bread.jpg', '93877', '2022-08-19 04:44:45', '2022-08-19 04:44:45'),
(726, '1-hand-painted-bread', '1-hand-painted-bread', '19082022104904-600x600-1-hand-painted-bread.jpg', '19082022104904-1-hand-painted-bread.jpg', '79208', '2022-08-19 04:49:04', '2022-08-19 04:49:04'),
(727, '2-hand-painted-bread', '2-hand-painted-bread', '19082022104907-600x600-2-hand-painted-bread.jpg', '19082022104907-2-hand-painted-bread.jpg', '72555', '2022-08-19 04:49:07', '2022-08-19 04:49:07'),
(728, '3-hand-painted-bread', '3-hand-painted-bread', '19082022104911-600x600-3-hand-painted-bread.jpg', '19082022104911-3-hand-painted-bread.jpg', '94362', '2022-08-19 04:49:11', '2022-08-19 04:49:11'),
(737, 'slider-1', 'slider-1', '19082022181217-400x400-slider-1.jpg', '19082022181217-slider-1.jpg', '87168', '2022-08-19 12:12:18', '2022-08-19 12:12:18'),
(739, 'slider-2', 'slider-2', '19082022181336-400x400-slider-2.jpg', '19082022181336-slider-2.jpg', '102493', '2022-08-19 12:13:36', '2022-08-19 12:13:36'),
(743, 'slider_h2_1', 'slider_h2_1', '20082022150916-400x400-slider_h2_1.jpg', '20082022150916-slider_h2_1.jpg', '137276', '2022-08-20 09:09:16', '2022-08-20 09:09:16'),
(744, 'slider_h2_2', 'slider_h2_2', '20082022151519-400x400-slider_h2_2.jpg', '20082022151519-slider_h2_2.jpg', '119365', '2022-08-20 09:15:19', '2022-08-20 09:15:19'),
(753, 'banner_5', 'banner_5', '22082022150919-400x400-banner_5.jpg', '22082022150919-banner_5.jpg', '22454', '2022-08-22 09:09:19', '2022-08-22 09:09:19'),
(754, 'banner_4', 'banner_4', '22082022151023-400x400-banner_4.jpg', '22082022151023-banner_4.jpg', '20568', '2022-08-22 09:10:23', '2022-08-22 09:10:23'),
(755, 'banner-3', 'banner-3', '22082022151100-400x400-banner-3.jpg', '22082022151100-banner-3.jpg', '24255', '2022-08-22 09:11:00', '2022-08-22 09:11:00'),
(756, 'banner-2', 'banner-2', '22082022151301-400x400-banner-2.jpg', '22082022151301-banner-2.jpg', '28504', '2022-08-22 09:13:01', '2022-08-22 09:13:01'),
(757, 'banner_1', 'banner_1', '22082022151335-400x400-banner_1.jpg', '22082022151335-banner_1.jpg', '89410', '2022-08-22 09:13:35', '2022-08-22 09:13:35'),
(758, 'deals_offer', 'deals_offer', '02092022061039-400x400-deals_offer.png', '02092022061039-deals_offer.png', '407063', '2022-09-02 00:10:39', '2022-09-02 00:10:39'),
(759, 'brand-1', 'brand-1', '09092022091517-400x400-brand-1.png', '09092022091517-brand-1.png', '15694', '2022-09-09 03:15:17', '2022-09-09 03:15:17'),
(760, 'brand-2', 'brand-2', '09092022091519-400x400-brand-2.png', '09092022091519-brand-2.png', '57554', '2022-09-09 03:15:20', '2022-09-09 03:15:20'),
(761, 'brand-3', 'brand-3', '09092022091522-400x400-brand-3.png', '09092022091522-brand-3.png', '17331', '2022-09-09 03:15:22', '2022-09-09 03:15:22'),
(762, 'brand-4', 'brand-4', '09092022091524-400x400-brand-4.png', '09092022091524-brand-4.png', '44480', '2022-09-09 03:15:24', '2022-09-09 03:15:24'),
(763, 'brand-5', 'brand-5', '09092022091526-400x400-brand-5.png', '09092022091526-brand-5.png', '14029', '2022-09-09 03:15:26', '2022-09-09 03:15:26'),
(764, 'brand-6', 'brand-6', '09092022091528-400x400-brand-6.png', '09092022091528-brand-6.png', '20563', '2022-09-09 03:15:28', '2022-09-09 03:15:28'),
(765, 'brand-7', 'brand-7', '09092022091535-400x400-brand-7.png', '09092022091535-brand-7.png', '12292', '2022-09-09 03:15:35', '2022-09-09 03:15:35'),
(766, 'channels4_profile', 'channels4_profile', '19062023074630-400x400-channels4_profile.jpg', '19062023074630-channels4_profile.jpg', '77331', '2023-06-19 02:16:30', '2023-06-19 02:16:30'),
(767, '20220521_190215', '20220521_190215', '20062023060347-400x400-20220521_190215.jpg', '20062023060347-20220521_190215.jpg', '3665929', '2023-06-20 00:33:50', '2023-06-20 00:33:50'),
(770, 'ah-logo-black', 'ah-logo-black', '27062023101203-400x400-ah-logo-black.png', '27062023101203-ah-logo-black.png', '14601', '2023-06-27 04:42:04', '2023-06-27 04:42:04');

-- --------------------------------------------------------

--
-- Table structure for table `media_settings`
--

CREATE TABLE `media_settings` (
  `id` bigint(20) UNSIGNED NOT NULL,
  `media_type` varchar(191) NOT NULL,
  `media_desc` varchar(200) DEFAULT NULL,
  `media_width` varchar(100) DEFAULT NULL,
  `media_height` varchar(100) DEFAULT NULL,
  `created_at` timestamp NULL DEFAULT NULL,
  `updated_at` timestamp NULL DEFAULT NULL
) ENGINE=InnoDB DEFAULT CHARSET=utf8mb4 COLLATE=utf8mb4_unicode_ci;

--
-- Dumping data for table `media_settings`
--

INSERT INTO `media_settings` (`id`, `media_type`, `media_desc`, `media_width`, `media_height`, `created_at`, `updated_at`) VALUES
(1, 'Thumbnail', NULL, '400', '400', '2021-04-11 20:21:59', '2022-08-01 11:04:33'),
(2, 'Subheader', NULL, '1920', '200', '2021-04-13 16:40:28', '2021-04-15 11:09:52'),
(3, 'Mega_Menu', NULL, '300', '400', '2021-05-17 15:20:51', '2021-05-17 15:20:53'),
(4, 'Brand', NULL, '300', '200', '2021-07-01 06:04:31', '2021-07-01 06:04:33'),
(5, 'Product_Thumbnail', NULL, '400', '400', '2021-07-02 13:27:52', '2022-08-01 11:08:22'),
(6, 'SEO_Image', NULL, '600', '315', '2021-07-02 14:43:42', '2021-07-02 09:19:54'),
(7, 'Product_Multiple_Image', NULL, '600', '600', '2022-08-18 12:16:27', '2022-08-18 12:16:29');

-- --------------------------------------------------------

--
-- Table structure for table `menus`
--

CREATE TABLE `menus` (
  `id` bigint(20) UNSIGNED NOT NULL,
  `menu_name` varchar(255) NOT NULL,
  `menu_position` varchar(255) DEFAULT NULL,
  `lan` varchar(100) DEFAULT NULL,
  `status_id` int(11) DEFAULT NULL,
  `deleted_at` timestamp NULL DEFAULT NULL,
  `created_at` timestamp NULL DEFAULT NULL,
  `updated_at` timestamp NULL DEFAULT NULL
) ENGINE=InnoDB DEFAULT CHARSET=utf8mb4 COLLATE=utf8mb4_unicode_ci;

-- --------------------------------------------------------

--
-- Table structure for table `migrations`
--

CREATE TABLE `migrations` (
  `id` int(10) UNSIGNED NOT NULL,
  `migration` varchar(255) NOT NULL,
  `batch` int(11) NOT NULL
) ENGINE=InnoDB DEFAULT CHARSET=utf8mb4 COLLATE=utf8mb4_unicode_ci;

--
-- Dumping data for table `migrations`
--

INSERT INTO `migrations` (`id`, `migration`, `batch`) VALUES
(64, '2014_10_12_000000_create_users_table', 1),
(65, '2014_10_12_100000_create_password_resets_table', 1),
(66, '2016_06_01_000001_create_oauth_auth_codes_table', 1),
(67, '2016_06_01_000002_create_oauth_access_tokens_table', 1),
(68, '2016_06_01_000003_create_oauth_refresh_tokens_table', 1),
(69, '2016_06_01_000004_create_oauth_clients_table', 1),
(70, '2016_06_01_000005_create_oauth_personal_access_clients_table', 1),
(71, '2019_08_19_000000_create_failed_jobs_table', 1),
(72, '2019_12_14_000001_create_personal_access_tokens_table', 1),
(73, '2020_06_20_094312_create_countries_table', 1),
(74, '2020_06_20_094328_create_states_table', 1),
(75, '2020_06_20_094341_create_cities_table', 1),
(76, '2023_06_16_092152_create_permission_tables', 1),
(77, '2023_06_17_092254_create_system_settings_table', 2),
(78, '2023_06_17_102549_create_timezones_table', 3),
(79, '2023_06_19_110856_create_user_roles_table', 4),
(80, '2023_06_19_110929_create_user_statuses_table', 5),
(82, '2023_06_20_073525_create_tp_status_table', 7),
(83, '2023_06_20_074237_create_languages_table', 8),
(84, '2023_06_20_071953_create_pages_table', 9),
(85, '2023_06_20_113906_create_product_categories_table', 10),
(86, '2023_06_20_115830_create_brands_table', 11),
(87, '2023_06_21_064831_create_menus_table', 12),
(88, '2023_06_21_072157_create_product_sub_categories_table', 13),
(89, '2023_06_22_114243_create_attributes_table', 14),
(90, '2023_06_22_123240_create_taxes_table', 15),
(91, '2023_06_23_064221_create_shippings_table', 16),
(92, '2023_06_23_111339_create_sliders_table', 17),
(93, '2023_06_24_055208_create_offer_ads_table', 18),
(94, '2023_06_24_081757_create_products_table', 19),
(95, '2023_06_24_091752_create_product_images_table', 20),
(96, '2023_06_24_091818_create_related_products_table', 21),
(97, '2023_06_27_112129_create_social_media_table', 22),
(99, '2023_06_27_112129_create_social_medias_table', 23),
(100, '2023_06_28_072412_create_reviews_table', 24),
(101, '2023_06_28_093449_create_subscribers_table', 25),
(102, '2023_06_28_105534_create_contacts_table', 26),
(103, '2023_06_28_113339_create_coupons_table', 27),
(104, '2023_06_30_073145_create_payment_status_table', 28),
(105, '2023_06_30_073234_create_payment_methods_table', 29),
(106, '2023_06_30_073313_create_order_status_table', 30),
(107, '2023_06_30_073331_create_order_masters_table', 31),
(108, '2023_06_30_073355_create_order_items_table', 32);

-- --------------------------------------------------------

--
-- Table structure for table `model_has_permissions`
--

CREATE TABLE `model_has_permissions` (
  `permission_id` bigint(20) UNSIGNED NOT NULL,
  `model_type` varchar(255) NOT NULL,
  `model_id` bigint(20) UNSIGNED NOT NULL
) ENGINE=InnoDB DEFAULT CHARSET=utf8mb4 COLLATE=utf8mb4_unicode_ci;

-- --------------------------------------------------------

--
-- Table structure for table `model_has_roles`
--

CREATE TABLE `model_has_roles` (
  `role_id` bigint(20) UNSIGNED NOT NULL,
  `model_type` varchar(255) NOT NULL,
  `model_id` bigint(20) UNSIGNED NOT NULL
) ENGINE=InnoDB DEFAULT CHARSET=utf8mb4 COLLATE=utf8mb4_unicode_ci;

-- --------------------------------------------------------

--
-- Table structure for table `oauth_access_tokens`
--

CREATE TABLE `oauth_access_tokens` (
  `id` varchar(100) NOT NULL,
  `user_id` bigint(20) UNSIGNED DEFAULT NULL,
  `client_id` bigint(20) UNSIGNED NOT NULL,
  `name` varchar(255) DEFAULT NULL,
  `scopes` text DEFAULT NULL,
  `revoked` tinyint(1) NOT NULL,
  `created_at` timestamp NULL DEFAULT NULL,
  `updated_at` timestamp NULL DEFAULT NULL,
  `expires_at` datetime DEFAULT NULL
) ENGINE=InnoDB DEFAULT CHARSET=utf8mb4 COLLATE=utf8mb4_unicode_ci;

-- --------------------------------------------------------

--
-- Table structure for table `oauth_auth_codes`
--

CREATE TABLE `oauth_auth_codes` (
  `id` varchar(100) NOT NULL,
  `user_id` bigint(20) UNSIGNED NOT NULL,
  `client_id` bigint(20) UNSIGNED NOT NULL,
  `scopes` text DEFAULT NULL,
  `revoked` tinyint(1) NOT NULL,
  `expires_at` datetime DEFAULT NULL
) ENGINE=InnoDB DEFAULT CHARSET=utf8mb4 COLLATE=utf8mb4_unicode_ci;

-- --------------------------------------------------------

--
-- Table structure for table `oauth_clients`
--

CREATE TABLE `oauth_clients` (
  `id` bigint(20) UNSIGNED NOT NULL,
  `user_id` bigint(20) UNSIGNED DEFAULT NULL,
  `name` varchar(255) NOT NULL,
  `secret` varchar(100) DEFAULT NULL,
  `provider` varchar(255) DEFAULT NULL,
  `redirect` text NOT NULL,
  `personal_access_client` tinyint(1) NOT NULL,
  `password_client` tinyint(1) NOT NULL,
  `revoked` tinyint(1) NOT NULL,
  `created_at` timestamp NULL DEFAULT NULL,
  `updated_at` timestamp NULL DEFAULT NULL
) ENGINE=InnoDB DEFAULT CHARSET=utf8mb4 COLLATE=utf8mb4_unicode_ci;

-- --------------------------------------------------------

--
-- Table structure for table `oauth_personal_access_clients`
--

CREATE TABLE `oauth_personal_access_clients` (
  `id` bigint(20) UNSIGNED NOT NULL,
  `client_id` bigint(20) UNSIGNED NOT NULL,
  `created_at` timestamp NULL DEFAULT NULL,
  `updated_at` timestamp NULL DEFAULT NULL
) ENGINE=InnoDB DEFAULT CHARSET=utf8mb4 COLLATE=utf8mb4_unicode_ci;

-- --------------------------------------------------------

--
-- Table structure for table `oauth_refresh_tokens`
--

CREATE TABLE `oauth_refresh_tokens` (
  `id` varchar(100) NOT NULL,
  `access_token_id` varchar(100) NOT NULL,
  `revoked` tinyint(1) NOT NULL,
  `expires_at` datetime DEFAULT NULL
) ENGINE=InnoDB DEFAULT CHARSET=utf8mb4 COLLATE=utf8mb4_unicode_ci;

-- --------------------------------------------------------

--
-- Table structure for table `offer_ads`
--

CREATE TABLE `offer_ads` (
  `id` bigint(20) UNSIGNED NOT NULL,
  `offer_ad_type` varchar(255) DEFAULT NULL,
  `title` varchar(255) DEFAULT NULL,
  `url` varchar(255) DEFAULT NULL,
  `image` varchar(255) DEFAULT NULL,
  `desc` varchar(255) DEFAULT NULL,
  `is_publish` tinyint(4) DEFAULT NULL,
  `deleted_at` timestamp NULL DEFAULT NULL,
  `created_at` timestamp NULL DEFAULT NULL,
  `updated_at` timestamp NULL DEFAULT NULL
) ENGINE=InnoDB DEFAULT CHARSET=utf8mb4 COLLATE=utf8mb4_unicode_ci;

-- --------------------------------------------------------

--
-- Table structure for table `order_items`
--

CREATE TABLE `order_items` (
  `id` bigint(20) UNSIGNED NOT NULL,
  `order_master_id` int(11) DEFAULT NULL,
  `customer_id` int(11) DEFAULT NULL,
  `seller_id` int(11) DEFAULT NULL,
  `product_id` int(11) DEFAULT NULL,
  `variation_size` varchar(255) DEFAULT NULL,
  `variation_color` varchar(255) DEFAULT NULL,
  `quantity` int(11) DEFAULT NULL,
  `price` double DEFAULT NULL,
  `total_price` double DEFAULT NULL,
  `tax` double DEFAULT NULL,
  `discount` double DEFAULT NULL,
  `created_at` timestamp NULL DEFAULT NULL,
  `updated_at` timestamp NULL DEFAULT NULL
) ENGINE=InnoDB DEFAULT CHARSET=utf8mb4 COLLATE=utf8mb4_unicode_ci;

--
-- Dumping data for table `order_items`
--

INSERT INTO `order_items` (`id`, `order_master_id`, `customer_id`, `seller_id`, `product_id`, `variation_size`, `variation_color`, `quantity`, `price`, `total_price`, `tax`, `discount`, `created_at`, `updated_at`) VALUES
(609, 443, 2, 63, 157, 'Kg', NULL, 1, 160, 160, 8, NULL, '2022-08-14 19:16:08', '2022-08-14 19:16:08'),
(610, 444, 2, 47, 161, 'Kg', NULL, 1, 99, 99, 4.95, NULL, '2022-08-14 19:16:08', '2022-08-14 19:16:08'),
(611, 444, 2, 47, 159, 'Kg', NULL, 1, 60, 60, 3, NULL, '2022-08-14 19:16:08', '2022-08-14 19:16:08'),
(612, 444, 2, 47, 152, 'Kg', NULL, 1, 89, 89, 4.45, NULL, '2022-08-14 19:16:08', '2022-08-14 19:16:08'),
(613, 444, 2, 47, 153, 'Kg', NULL, 1, 100, 100, 5, NULL, '2022-08-14 19:16:08', '2022-08-14 19:16:08'),
(614, 445, 2, 47, 161, 'Kg', NULL, 1, 99, 99, 4.95, NULL, '2022-08-14 19:37:16', '2022-08-14 19:37:16'),
(615, 445, 2, 47, 159, 'Kg', NULL, 4, 60, 240, 12, NULL, '2022-08-14 19:37:16', '2022-08-14 19:37:16'),
(616, 445, 2, 47, 158, 'Kg', NULL, 2, 600, 1200, 60, NULL, '2022-08-14 19:37:16', '2022-08-14 19:37:16'),
(617, 445, 2, 47, 153, 'Kg', NULL, 4, 100, 400, 20, NULL, '2022-08-14 19:37:16', '2022-08-14 19:37:16'),
(618, 445, 2, 47, 152, 'Kg', NULL, 3, 89, 267, 13.35, NULL, '2022-08-14 19:37:16', '2022-08-14 19:37:16'),
(619, 446, 64, 47, 154, 'Kg', NULL, 2, 800, 1600, 80, NULL, '2022-08-14 23:17:54', '2022-08-14 23:17:54'),
(620, 447, 64, 62, 155, 'Kg', NULL, 2, 300, 600, 30, NULL, '2022-08-14 23:17:54', '2022-08-14 23:17:54'),
(621, 448, 64, 63, 157, 'Kg', NULL, 2, 160, 320, 16, NULL, '2022-08-14 23:17:54', '2022-08-14 23:17:54'),
(622, 448, 64, 63, 160, 'Kg', NULL, 3, 76, 228, 11.4, NULL, '2022-08-14 23:17:54', '2022-08-14 23:17:54'),
(623, 449, 2, 47, 161, 'Kg', NULL, 1, 99, 99, 4.95, NULL, '2022-08-15 00:54:21', '2022-08-15 00:54:21'),
(624, 449, 2, 47, 159, 'Kg', NULL, 2, 60, 120, 6, NULL, '2022-08-15 00:54:21', '2022-08-15 00:54:21'),
(625, 449, 2, 47, 158, 'Kg', NULL, 3, 600, 1800, 90, NULL, '2022-08-15 00:54:21', '2022-08-15 00:54:21'),
(626, 449, 2, 47, 152, 'Kg', NULL, 3, 89, 267, 13.35, NULL, '2022-08-15 00:54:21', '2022-08-15 00:54:21'),
(627, 449, 2, 47, 145, 'Kg', NULL, 2, 400, 800, 40, NULL, '2022-08-15 00:54:21', '2022-08-15 00:54:21'),
(628, 449, 2, 47, 134, 'Kg', NULL, 3, 25, 75, 3.75, NULL, '2022-08-15 00:54:21', '2022-08-15 00:54:21'),
(629, 449, 2, 47, 130, 'Kg', NULL, 2, 12, 24, 1.2, NULL, '2022-08-15 00:54:21', '2022-08-15 00:54:21'),
(630, 449, 2, 47, 133, 'Kg', NULL, 2, 40, 80, 4, NULL, '2022-08-15 00:54:21', '2022-08-15 00:54:21'),
(631, 449, 2, 47, 132, 'Kg', NULL, 3, 40, 120, 6, NULL, '2022-08-15 00:54:21', '2022-08-15 00:54:21'),
(632, 449, 2, 47, 131, 'Kg', NULL, 3, 50, 150, 7.5, NULL, '2022-08-15 00:54:21', '2022-08-15 00:54:21'),
(633, 450, 2, 63, 157, 'Kg', NULL, 1, 160, 160, 8, NULL, '2022-08-15 01:07:14', '2022-08-15 01:07:14'),
(634, 451, 2, 62, 155, 'Kg', NULL, 1, 300, 300, 15, NULL, '2022-08-15 01:07:14', '2022-08-15 01:07:14'),
(635, 452, 2, 47, 154, 'Kg', NULL, 1, 800, 800, 40, NULL, '2022-08-15 01:07:14', '2022-08-15 01:07:14'),
(636, 451, 2, 62, 148, 'Kg', NULL, 1, 60, 60, 3, NULL, '2022-08-15 01:07:14', '2022-08-15 01:07:14'),
(637, 451, 2, 62, 149, 'Kg', NULL, 1, 98, 98, 4.9, NULL, '2022-08-15 01:07:14', '2022-08-15 01:07:14'),
(638, 453, 2, 48, 156, 'Box', NULL, 2, 7777, 15554, 777.7, NULL, '2022-08-17 05:09:12', '2022-08-17 05:09:12'),
(639, 454, 2, 63, 160, 'Kg', NULL, 2, 76, 152, 7.6, NULL, '2022-08-17 05:09:12', '2022-08-17 05:09:12'),
(640, 455, 2, 47, 161, 'Kg', NULL, 1, 99, 99, 4.95, NULL, '2022-08-17 05:09:12', '2022-08-17 05:09:12'),
(641, 456, 2, 62, 155, 'Kg', NULL, 1, 300, 300, 15, NULL, '2022-08-17 05:09:12', '2022-08-17 05:09:12'),
(642, 454, 2, 63, 162, 'Box', NULL, 2, 222, 444, 22.2, NULL, '2022-08-17 05:09:12', '2022-08-17 05:09:12'),
(643, 457, 2, 47, 158, 'Kg', NULL, 2, 600, 1200, 60, NULL, '2022-08-24 03:54:02', '2022-08-24 03:54:02'),
(644, 457, 2, 47, 154, 'Kg', NULL, 2, 800, 1600, 80, NULL, '2022-08-24 03:54:02', '2022-08-24 03:54:02'),
(645, 458, 2, 63, 150, 'Kg', NULL, 11, 67, 737, 36.85, NULL, '2022-08-24 03:54:02', '2022-08-24 03:54:02'),
(646, 458, 2, 63, 147, 'Kg', NULL, 5, 90, 450, 22.5, NULL, '2022-08-24 03:54:02', '2022-08-24 03:54:02'),
(647, 459, NULL, 63, 157, 'Kg', NULL, 1, 110, 110, 5.5, NULL, '2022-09-07 01:59:55', '2022-09-07 01:59:55'),
(648, 460, NULL, 62, 155, 'Kg', NULL, 1, 90, 90, 4.5, NULL, '2022-09-07 01:59:55', '2022-09-07 01:59:55'),
(649, 461, NULL, 47, 154, 'Kg', NULL, 1, 120, 120, 6, NULL, '2022-09-07 01:59:55', '2022-09-07 01:59:55'),
(650, 461, NULL, 47, 158, 'Kg', NULL, 1, 60, 60, 3, NULL, '2022-09-07 01:59:55', '2022-09-07 01:59:55'),
(651, 461, NULL, 47, 159, 'Kg', NULL, 1, 60, 60, 3, NULL, '2022-09-07 01:59:55', '2022-09-07 01:59:55'),
(652, 462, 2, 47, 134, 'Box', NULL, 1, 80, 80, 4, NULL, '2023-06-23 00:07:52', '2023-06-23 00:07:52'),
(653, 462, 2, 47, 133, 'Box', NULL, 1, 100, 100, 5, NULL, '2023-06-23 00:07:52', '2023-06-23 00:07:52');

-- --------------------------------------------------------

--
-- Table structure for table `order_masters`
--

CREATE TABLE `order_masters` (
  `id` bigint(20) UNSIGNED NOT NULL,
  `order_no` varchar(191) DEFAULT NULL,
  `transaction_no` varchar(191) DEFAULT NULL,
  `customer_id` int(11) DEFAULT NULL,
  `seller_id` int(11) DEFAULT NULL,
  `payment_method_id` int(11) DEFAULT NULL,
  `payment_status_id` int(11) DEFAULT NULL,
  `order_status_id` int(11) DEFAULT NULL,
  `total_qty` int(11) DEFAULT NULL,
  `total_price` double DEFAULT NULL,
  `discount` double DEFAULT NULL,
  `tax` double DEFAULT NULL,
  `subtotal` double DEFAULT NULL,
  `total_amount` double DEFAULT NULL,
  `shipping_title` text DEFAULT NULL,
  `shipping_fee` double DEFAULT NULL,
  `name` varchar(100) DEFAULT NULL,
  `email` varchar(100) DEFAULT NULL,
  `phone` varchar(15) DEFAULT NULL,
  `country` varchar(191) DEFAULT NULL,
  `state` varchar(15) DEFAULT NULL,
  `zip_code` varchar(50) DEFAULT NULL,
  `city` varchar(191) DEFAULT NULL,
  `address` text DEFAULT NULL,
  `comments` text DEFAULT NULL,
  `created_at` timestamp NULL DEFAULT NULL,
  `updated_at` timestamp NULL DEFAULT NULL
) ENGINE=InnoDB DEFAULT CHARSET=utf8mb4 COLLATE=utf8mb4_unicode_ci;

--
-- Dumping data for table `order_masters`
--

INSERT INTO `order_masters` (`id`, `order_no`, `transaction_no`, `customer_id`, `seller_id`, `payment_method_id`, `payment_status_id`, `order_status_id`, `total_qty`, `total_price`, `discount`, `tax`, `subtotal`, `total_amount`, `shipping_title`, `shipping_fee`, `name`, `email`, `phone`, `country`, `state`, `zip_code`, `city`, `address`, `comments`, `created_at`, `updated_at`) VALUES
(443, 'ORD-7481151', 'TXN-1626399', 2, 63, 1, 1, 4, NULL, NULL, NULL, NULL, NULL, NULL, 'Shipment will be within 3 days. Fee for per seller', 10, 'Admin', 'admin@themeposh.xyz', '0123456789', 'Albania', 'Dhaka', '2130', 'Dhaka', '56 King Street, New York', NULL, '2022-08-14 19:16:08', '2022-08-15 01:08:43'),
(444, 'ORD-9575782', 'TXN-1994363', 2, 47, 1, 1, 4, NULL, NULL, NULL, NULL, NULL, NULL, 'Shipment will be within 3 days. Fee for per seller', 10, 'Admin', 'admin@themeposh.xyz', '0123456789', 'Albania', 'Dhaka', '2130', 'Dhaka', '56 King Street, New York', NULL, '2022-08-14 19:16:08', '2022-08-15 01:07:49'),
(445, 'ORD-8817931', 'TXN-1430265', 2, 47, 2, 1, 4, NULL, NULL, NULL, NULL, NULL, NULL, 'Shipment will be within 1 day. Fee for per seller', 15, 'Nazim Mahmud', 'nazimmahmud83@gmail.com', '0123456789', 'Bangladesh', 'Sherpur', '2130', 'Sherpur', 'Sherpur, Dhaka, Bangladesh', NULL, '2022-08-14 19:37:16', '2022-08-15 01:08:37'),
(446, 'ORD-3672811', 'TXN-1134462', 64, 47, 1, 1, 4, NULL, NULL, NULL, NULL, NULL, NULL, 'Shipment will be within 1 day. Fee for per seller', 15, 'Nazim Mahmud', 'tspprt7@gmail.com', '01915826995', 'Bangladesh', 'Dhaka', '1240', 'Dhaka', 'Sherpur, Bangladesh', NULL, '2022-08-14 23:17:54', '2022-08-15 01:08:30'),
(447, 'ORD-1043112', 'TXN-1559541', 64, 62, 1, 1, 4, NULL, NULL, NULL, NULL, NULL, NULL, 'Shipment will be within 1 day. Fee for per seller', 15, 'Nazim Mahmud', 'tspprt7@gmail.com', '01915826995', 'Bangladesh', 'Dhaka', '1240', 'Dhaka', 'Sherpur, Bangladesh', NULL, '2022-08-14 23:17:54', '2022-08-15 01:08:22'),
(448, 'ORD-6152893', 'TXN-1295246', 64, 63, 1, 1, 4, NULL, NULL, NULL, NULL, NULL, NULL, 'Shipment will be within 1 day. Fee for per seller', 15, 'Nazim Mahmud', 'tspprt7@gmail.com', '01915826995', 'Bangladesh', 'Dhaka', '1240', 'Dhaka', 'Sherpur, Bangladesh', NULL, '2022-08-14 23:17:54', '2022-08-15 01:08:17'),
(449, 'ORD-2171361', 'TXN-1948261', 2, 47, 1, 1, 4, NULL, NULL, NULL, NULL, NULL, NULL, 'Shipment will be within 1 day. Fee for per seller', 15, 'Admin', 'admin@themeposh.xyz', '0123456789', 'Bangladesh', 'Dhaka', '2130', 'Dhaka', '56 King Street, New York', NULL, '2022-08-15 00:54:21', '2022-08-17 03:28:18'),
(450, 'ORD-7573431', 'TXN-1208813', 2, 63, 2, 1, 4, NULL, NULL, NULL, NULL, NULL, NULL, 'Shipment will be within 5-10 days. Fee for per seller', 5, 'Admin', 'admin@themeposh.xyz', '0123456789', 'Bangladesh', 'Dhaka', '2130', 'Dhaka', 'Dhaka, Bangladesh', NULL, '2022-08-15 01:07:14', '2022-08-15 01:08:12'),
(451, 'ORD-5471922', 'TXN-1968751', 2, 62, 2, 1, 4, NULL, NULL, NULL, NULL, NULL, NULL, 'Shipment will be within 5-10 days. Fee for per seller', 5, 'Admin', 'admin@themeposh.xyz', '0123456789', 'Bangladesh', 'Dhaka', '2130', 'Dhaka', 'Dhaka, Bangladesh', NULL, '2022-08-15 01:07:14', '2022-08-15 01:08:07'),
(452, 'ORD-8248043', 'TXN-1125293', 2, 47, 2, 1, 4, NULL, NULL, NULL, NULL, NULL, NULL, 'Shipment will be within 5-10 days. Fee for per seller', 5, 'Admin', 'admin@themeposh.xyz', '0123456789', 'Bangladesh', 'Dhaka', '2130', 'Dhaka', 'Dhaka, Bangladesh', NULL, '2022-08-15 01:07:14', '2022-08-15 06:12:12'),
(453, 'ORD-9505671', NULL, 2, 48, 2, 2, 1, NULL, NULL, NULL, NULL, NULL, NULL, 'Shipment will be within 5-10 days. Fee for per seller', 5, 'Admin', 'admin@themeposh.xyz', '0123456789', 'Austria', 'd', 'd', 'f', '56 King Street, New York', NULL, '2022-08-17 05:09:12', '2022-08-17 05:09:12'),
(454, 'ORD-5315742', 'TXN-1173953', 2, 63, 2, 1, 4, NULL, NULL, NULL, NULL, NULL, NULL, 'Shipment will be within 5-10 days. Fee for per seller', 5, 'Admin', 'admin@themeposh.xyz', '0123456789', 'Austria', 'd', 'd', 'f', '56 King Street, New York', NULL, '2022-08-17 05:09:12', '2022-08-17 05:09:29'),
(455, 'ORD-2523503', NULL, 2, 47, 2, 2, 1, NULL, NULL, NULL, NULL, NULL, NULL, 'Shipment will be within 5-10 days. Fee for per seller', 5, 'Admin', 'admin@themeposh.xyz', '0123456789', 'Austria', 'd', 'd', 'f', '56 King Street, New York', NULL, '2022-08-17 05:09:12', '2022-08-17 05:09:12'),
(456, 'ORD-4957994', NULL, 2, 62, 2, 2, 1, NULL, NULL, NULL, NULL, NULL, NULL, 'Shipment will be within 5-10 days. Fee for per seller', 5, 'Admin', 'admin@themeposh.xyz', '0123456789', 'Austria', 'd', 'd', 'f', '56 King Street, New York', NULL, '2022-08-17 05:09:12', '2022-08-17 05:09:12'),
(457, 'ORD-2109511', NULL, 2, 47, 2, 2, 1, NULL, NULL, NULL, NULL, NULL, NULL, 'Shipment will be within 5-10 days. Fee for per seller', 5, 'Admin', 'admin@themeposh.xyz', '0123456789', 'Albania', '11', '2', 'Dhaka', '56 King Street, New York', 'test', '2022-08-24 03:54:02', '2022-08-24 03:54:02'),
(458, 'ORD-2220162', NULL, 2, 63, 2, 2, 1, NULL, NULL, NULL, NULL, NULL, NULL, 'Shipment will be within 5-10 days. Fee for per seller', 5, 'Admin', 'admin@themeposh.xyz', '0123456789', 'Albania', '11', '2', 'Dhaka', '56 King Street, New York', 'test', '2022-08-24 03:54:02', '2022-09-01 19:06:59'),
(459, 'ORD-7072111', NULL, NULL, 63, 1, 2, 1, NULL, NULL, NULL, NULL, NULL, NULL, 'Shipment will be within 5-10 days. Fee for per seller', 5, 'Nazim Mahmud', 'client@gmail.com', '01915826995', 'Bangladesh', 'dhaka', '2130', 'dhaka', 'dhaka, Bangladesh', NULL, '2022-09-07 01:59:55', '2022-09-07 01:59:55'),
(460, 'ORD-8291612', NULL, NULL, 62, 1, 2, 1, NULL, NULL, NULL, NULL, NULL, NULL, 'Shipment will be within 5-10 days. Fee for per seller', 5, 'Nazim Mahmud', 'client@gmail.com', '01915826995', 'Bangladesh', 'dhaka', '2130', 'dhaka', 'dhaka, Bangladesh', NULL, '2022-09-07 01:59:55', '2022-09-07 01:59:55'),
(461, 'ORD-1122323', NULL, NULL, 47, 1, 2, 1, NULL, NULL, NULL, NULL, NULL, NULL, 'Shipment will be within 5-10 days. Fee for per seller', 5, 'Nazim Mahmud', 'client@gmail.com', '01915826995', 'Bangladesh', 'dhaka', '2130', 'dhaka', 'dhaka, Bangladesh', NULL, '2022-09-07 01:59:55', '2022-09-07 01:59:55'),
(462, 'ORD-2271361', NULL, 2, 47, 1, 2, 1, NULL, NULL, NULL, NULL, NULL, NULL, 'Shipment will be within 1 day. Fee for per seller', 15, 'Admin', 'admin@themeposh.xyz', '0123456789', 'Australia', 'test', '222220', 'test', '56 King Street, New York', NULL, '2023-06-23 00:07:52', '2023-06-23 00:07:52');

-- --------------------------------------------------------

--
-- Table structure for table `order_status`
--

CREATE TABLE `order_status` (
  `id` bigint(20) UNSIGNED NOT NULL,
  `ostatus_name` varchar(255) NOT NULL,
  `created_at` timestamp NULL DEFAULT NULL,
  `updated_at` timestamp NULL DEFAULT NULL
) ENGINE=InnoDB DEFAULT CHARSET=utf8mb4 COLLATE=utf8mb4_unicode_ci;

--
-- Dumping data for table `order_status`
--

INSERT INTO `order_status` (`id`, `ostatus_name`, `created_at`, `updated_at`) VALUES
(1, 'Awaiting', '2021-10-03 11:25:01', '2021-10-03 11:25:02'),
(2, 'Processing', '2021-10-03 11:25:25', '2021-10-03 11:25:27'),
(3, 'Pickup', '2021-10-03 11:29:44', '2021-10-03 11:29:46'),
(4, 'Completed', '2021-10-03 11:32:13', '2021-10-03 11:32:15'),
(5, 'Canceled', '2021-10-03 11:33:14', '2021-10-03 11:33:16');

-- --------------------------------------------------------

--
-- Table structure for table `pages`
--

CREATE TABLE `pages` (
  `id` bigint(20) UNSIGNED NOT NULL,
  `title` varchar(255) DEFAULT NULL,
  `slug` varchar(255) NOT NULL,
  `content` longtext DEFAULT NULL,
  `thumbnail` text DEFAULT NULL,
  `lan` varchar(100) DEFAULT NULL,
  `is_publish` tinyint(4) NOT NULL DEFAULT 1,
  `og_title` text DEFAULT NULL,
  `og_image` text DEFAULT NULL,
  `og_description` text DEFAULT NULL,
  `og_keywords` text DEFAULT NULL,
  `deleted_at` timestamp NULL DEFAULT NULL,
  `created_at` timestamp NULL DEFAULT NULL,
  `updated_at` timestamp NULL DEFAULT NULL
) ENGINE=InnoDB DEFAULT CHARSET=utf8mb4 COLLATE=utf8mb4_unicode_ci;

--
-- Dumping data for table `pages`
--

INSERT INTO `pages` (`id`, `title`, `slug`, `content`, `thumbnail`, `lan`, `is_publish`, `og_title`, `og_image`, `og_description`, `og_keywords`, `deleted_at`, `created_at`, `updated_at`) VALUES
(1, 'Privacy Policy', 'privacy-policy', '<h6><b>What is a privacy policy?</b></h6><p>A privacy policy is a document that states what personal data you collect from your users, why, and how you keep it private.</p><p>The purpose of the privacy policy is to inform your users about how their data is being handled.</p><p>Hence, the privacy policy should be accessible for your users and kept in plain and readable language.</p><p>Most countries have privacy laws requiring that websites collecting personal data have a proper privacy policy in place.</p><p>Failure to comply can result in heavy fines and even prosecution. Are you based in the EU or providing services to EU citizens, you must have a GDPR compliant privacy policy on your domain.</p><p>We will get into this in more detail below.</p><h6><b>What is personal data?</b></h6><p>Personal data is information that can identify an individual, either directly or when combined with other data.</p><p>Names, e-mails, addresses, localization, IP addresses, photos, and account information all are directly identifying data.</p><p>Health information, income, religion, and cultural profiles, and the like is also personal data.</p><p>Furthermore, and crucial in the present context, data on user behavior is also personal. Cookies can track and register individual users browsing activities, like what articles they scroll past and which ones they choose to click on.</p><h6><b>Why is a privacy policy important?</b></h6><p>The most important thing to remember is that a privacy policy is required by law if you collect data from users, either directly or indirectly. For example, if you have a contact form on your website you need a privacy policy. But you will also need a privacy policy if you use analytics tools such as Google Analytics.</p><h6><b>Where do I put my privacy policy?</b></h6><p>Usually, you can find privacy policies in the footer of a website. We recommend that you place your privacy policy in easy to find locations on your website.</p><h6><b>What should the privacy policy include?</b></h6><p>A standard privacy policy should include: what data you collect from visitors, how you collect it, why you are collecting the data, how you are using the data.</p><h6><b>Why you Need a Privacy Policy</b></h6><p>Privacy is not a new concept. Humans have always desired privacy in their social as well as private lives. But the idea of privacy as a human right is a relatively modern phenomenon.</p><p>Around the world, laws and regulations have been developed for the protection of data related to government, education, health, children, consumers, financial institutions, etc.</p><p>This data is critical to the person it belongs to. From credit card numbers and social security numbers to email addresses and phone numbers, our sensitive, personally identifiable information is important. This sort of information in unreliable hands can potentially have far-reaching consequences.</p><p>Companies or websites that handle customer information are required to publish their Privacy Policies on their business websites. If you own a website, web app, mobile app or desktop app that collects or processes user data, you most certainly will have to post a Privacy Policy on your website (or give in-app access to the full Privacy Policy agreement).</p>', NULL, 'en', 1, NULL, NULL, NULL, NULL, NULL, '2023-06-20 03:28:27', '2023-06-20 03:38:48');

-- --------------------------------------------------------

--
-- Table structure for table `password_resets`
--

CREATE TABLE `password_resets` (
  `email` varchar(255) NOT NULL,
  `token` varchar(255) NOT NULL,
  `created_at` timestamp NULL DEFAULT NULL
) ENGINE=InnoDB DEFAULT CHARSET=utf8mb4 COLLATE=utf8mb4_unicode_ci;

-- --------------------------------------------------------

--
-- Table structure for table `payment_methods`
--

CREATE TABLE `payment_methods` (
  `id` bigint(20) UNSIGNED NOT NULL,
  `method_name` varchar(255) NOT NULL,
  `created_at` timestamp NULL DEFAULT NULL,
  `updated_at` timestamp NULL DEFAULT NULL
) ENGINE=InnoDB DEFAULT CHARSET=utf8mb4 COLLATE=utf8mb4_unicode_ci;

--
-- Dumping data for table `payment_methods`
--

INSERT INTO `payment_methods` (`id`, `method_name`, `created_at`, `updated_at`) VALUES
(1, 'Cash on Delivery', '2021-10-03 11:37:16', '2021-10-03 11:37:18'),
(2, 'Bank Transfer', '2021-10-03 11:39:11', '2021-10-03 11:39:13'),
(3, 'Stripe', '2021-10-03 11:39:54', '2021-10-03 11:39:56'),
(4, 'Paypal', '2022-05-20 04:03:54', '2022-05-20 04:03:54'),
(5, 'Razorpay', '2022-05-20 04:03:54', '2022-05-20 04:03:54'),
(6, 'Mollie', '2022-05-20 04:03:54', '2022-05-20 04:03:54');

-- --------------------------------------------------------

--
-- Table structure for table `payment_status`
--

CREATE TABLE `payment_status` (
  `id` bigint(20) UNSIGNED NOT NULL,
  `pstatus_name` varchar(255) NOT NULL,
  `created_at` timestamp NULL DEFAULT NULL,
  `updated_at` timestamp NULL DEFAULT NULL
) ENGINE=InnoDB DEFAULT CHARSET=utf8mb4 COLLATE=utf8mb4_unicode_ci;

--
-- Dumping data for table `payment_status`
--

INSERT INTO `payment_status` (`id`, `pstatus_name`, `created_at`, `updated_at`) VALUES
(1, 'Completed', '2021-10-03 11:22:47', '2021-10-03 11:22:50'),
(2, 'Pending', '2021-10-03 11:23:12', '2021-10-03 11:23:14'),
(3, 'Canceled', '2021-10-03 11:23:33', '2021-10-03 11:23:34'),
(4, 'Incompleted', '2021-10-03 11:23:57', '2021-10-03 11:24:00');

-- --------------------------------------------------------

--
-- Table structure for table `permissions`
--

CREATE TABLE `permissions` (
  `id` bigint(20) UNSIGNED NOT NULL,
  `name` varchar(255) NOT NULL,
  `group_name` varchar(191) DEFAULT NULL,
  `guard_name` varchar(255) NOT NULL,
  `created_at` timestamp NULL DEFAULT NULL,
  `updated_at` timestamp NULL DEFAULT NULL
) ENGINE=InnoDB DEFAULT CHARSET=utf8mb4 COLLATE=utf8mb4_unicode_ci;

--
-- Dumping data for table `permissions`
--

INSERT INTO `permissions` (`id`, `name`, `group_name`, `guard_name`, `created_at`, `updated_at`) VALUES
(1, 'view.products', 'ecommerce', 'web', '2023-06-29 04:03:55', '2023-06-29 04:53:55'),
(2, 'add.products', 'ecommerce', 'web', '2023-06-29 04:38:49', '2023-06-29 04:38:49'),
(4, 'edit.products', 'ecommerce', 'web', '2023-06-29 10:02:44', '2023-06-29 10:02:44'),
(5, 'delete.products', 'ecommerce', 'web', '2023-06-30 00:04:45', '2023-06-30 00:04:45'),
(7, 'export.products', 'ecommerce', 'web', '2023-06-30 00:04:45', '2023-06-30 00:04:45'),
(8, 'import.products', 'ecommerce', 'web', '2023-06-30 00:04:45', '2023-06-30 00:04:45');

-- --------------------------------------------------------

--
-- Table structure for table `personal_access_tokens`
--

CREATE TABLE `personal_access_tokens` (
  `id` bigint(20) UNSIGNED NOT NULL,
  `tokenable_type` varchar(255) NOT NULL,
  `tokenable_id` bigint(20) UNSIGNED NOT NULL,
  `name` varchar(255) NOT NULL,
  `token` varchar(64) NOT NULL,
  `abilities` text DEFAULT NULL,
  `last_used_at` timestamp NULL DEFAULT NULL,
  `expires_at` timestamp NULL DEFAULT NULL,
  `created_at` timestamp NULL DEFAULT NULL,
  `updated_at` timestamp NULL DEFAULT NULL
) ENGINE=InnoDB DEFAULT CHARSET=utf8mb4 COLLATE=utf8mb4_unicode_ci;

-- --------------------------------------------------------

--
-- Table structure for table `products`
--

CREATE TABLE `products` (
  `id` bigint(20) UNSIGNED NOT NULL,
  `title` text DEFAULT NULL,
  `slug` varchar(255) NOT NULL,
  `f_thumbnail` text DEFAULT NULL,
  `short_desc` text DEFAULT NULL,
  `description` text DEFAULT NULL,
  `extra_desc` text DEFAULT NULL,
  `cost_price` double(8,2) DEFAULT NULL,
  `sale_price` double(8,2) DEFAULT NULL,
  `old_price` double(8,2) DEFAULT NULL,
  `start_date` date DEFAULT NULL,
  `end_date` date DEFAULT NULL,
  `is_discount` int(11) DEFAULT NULL,
  `is_stock` int(11) DEFAULT NULL,
  `sku` varchar(255) DEFAULT NULL,
  `stock_status_id` int(11) DEFAULT NULL,
  `stock_qty` int(11) DEFAULT NULL,
  `u_stock_qty` int(11) DEFAULT NULL,
  `category_ids` varchar(255) DEFAULT NULL,
  `cat_id` int(11) DEFAULT NULL,
  `sub_category_id` int(11) DEFAULT NULL,
  `brand_id` int(11) DEFAULT NULL,
  `collection_id` int(11) DEFAULT NULL,
  `label_id` int(11) DEFAULT NULL,
  `variation_color` text DEFAULT NULL,
  `variation_size` text DEFAULT NULL,
  `tax_id` int(11) DEFAULT NULL,
  `is_featured` int(11) DEFAULT NULL,
  `is_publish` int(11) DEFAULT NULL,
  `user_id` int(11) DEFAULT NULL,
  `lan` varchar(100) DEFAULT NULL,
  `og_title` text DEFAULT NULL,
  `og_image` text DEFAULT NULL,
  `og_description` text DEFAULT NULL,
  `og_keywords` text DEFAULT NULL,
  `deleted_at` timestamp NULL DEFAULT NULL,
  `created_at` timestamp NULL DEFAULT NULL,
  `updated_at` timestamp NULL DEFAULT NULL
) ENGINE=InnoDB DEFAULT CHARSET=utf8mb4 COLLATE=utf8mb4_unicode_ci;

--
-- Dumping data for table `products`
--

INSERT INTO `products` (`id`, `title`, `slug`, `f_thumbnail`, `short_desc`, `description`, `extra_desc`, `cost_price`, `sale_price`, `old_price`, `start_date`, `end_date`, `is_discount`, `is_stock`, `sku`, `stock_status_id`, `stock_qty`, `u_stock_qty`, `category_ids`, `cat_id`, `sub_category_id`, `brand_id`, `collection_id`, `label_id`, `variation_color`, `variation_size`, `tax_id`, `is_featured`, `is_publish`, `user_id`, `lan`, `og_title`, `og_image`, `og_description`, `og_keywords`, `deleted_at`, `created_at`, `updated_at`) VALUES
(1, 'Garlic China', 'garlic-china', '18082022123333-600x600-2-garlic.jpg', 'Vegetables are parts of plants that are consumed by humans or other animals as food.', '<p>Vegetables are parts of plants that are consumed by humans or other \r\nanimals as food. The original meaning is still commonly used and is \r\napplied to plants collectively to refer to all edible plant matter, \r\nincluding the flowers, fruits, stems, leaves, roots, and seeds.</p><ul><li>An alternative definition of the term is applied somewhat arbitrarily, often by culinary and cultural tradition.</li><li>It\r\n may exclude foods derived from some plants that are fruits, flowers, \r\nnuts, and cereal grains, but include savory fruits such as tomatoes and \r\ncourgettes, flowers such as broccoli, and seeds such as pulses.</li><li>Originally,\r\n vegetables were collected from the wild by hunter-gatherers and entered\r\n cultivation in several parts of the world, probably during the period \r\n10,000 BC to 7,000 BC, when a new agricultural way of life developed.</li></ul><p>At\r\n first, plants that grew locally would have been cultivated, but as time\r\n went on, trade brought exotic crops from elsewhere to add to domestic \r\ntypes.</p>', NULL, 15.00, 20.00, 25.00, '2023-06-24', '2023-06-24', 1, 1, 'PT-856054', 1, 150, NULL, '1', 1, 0, 2, 1, NULL, NULL, 'Box', NULL, 1, 1, NULL, 'en', 'garlic', '18082022123324-600x600-1-garlic.jpg', 'garlic descrtiption', 'garlic', NULL, '2023-06-24 04:29:48', '2023-06-27 04:18:36'),
(2, 'Almond (Badam)', 'almond-badam', '09092022091526-400x400-brand-5.png', 'Lorem Ipsum is simply dummy text of the printing and typesetting industry.', '<p><strong style=\"margin: 0px; padding: 0px; color: rgb(0, 0, 0); font-family: &quot;Open Sans&quot;, Arial, sans-serif; text-align: justify;\">Lorem Ipsum</strong><span style=\"color: rgb(0, 0, 0); font-family: &quot;Open Sans&quot;, Arial, sans-serif; text-align: justify;\">&nbsp;is simply dummy text of the printing and typesetting industry. Lorem Ipsum has been the industry\'s standard dummy text ever since the 1500s, when an unknown printer took a galley of type and scrambled it to make a type specimen book.</span><br></p>', NULL, 100.00, 200.00, 250.00, '2023-06-27', '2023-06-27', 1, 1, 'PS-350212', 1, 250, NULL, '1', 1, 5, 2, 1, NULL, NULL, 'Box', NULL, 1, 1, NULL, 'en', NULL, NULL, NULL, NULL, NULL, '2023-06-27 00:47:41', '2023-06-27 04:18:21');

-- --------------------------------------------------------

--
-- Table structure for table `product_categories`
--

CREATE TABLE `product_categories` (
  `id` bigint(20) UNSIGNED NOT NULL,
  `name` varchar(191) DEFAULT NULL,
  `slug` varchar(255) NOT NULL,
  `thumbnail` text DEFAULT NULL,
  `subheader_image` text DEFAULT NULL,
  `description` text DEFAULT NULL,
  `layout` varchar(100) DEFAULT NULL,
  `lan` varchar(100) DEFAULT NULL,
  `parent_id` int(11) DEFAULT NULL,
  `is_subheader` int(11) DEFAULT NULL,
  `is_publish` int(11) DEFAULT NULL,
  `og_title` text DEFAULT NULL,
  `og_image` text DEFAULT NULL,
  `og_description` text DEFAULT NULL,
  `og_keywords` text DEFAULT NULL,
  `deleted_at` timestamp NULL DEFAULT NULL,
  `created_at` timestamp NULL DEFAULT NULL,
  `updated_at` timestamp NULL DEFAULT NULL
) ENGINE=InnoDB DEFAULT CHARSET=utf8mb4 COLLATE=utf8mb4_unicode_ci;

--
-- Dumping data for table `product_categories`
--

INSERT INTO `product_categories` (`id`, `name`, `slug`, `thumbnail`, `subheader_image`, `description`, `layout`, `lan`, `parent_id`, `is_subheader`, `is_publish`, `og_title`, `og_image`, `og_description`, `og_keywords`, `deleted_at`, `created_at`, `updated_at`) VALUES
(1, 'Vegetable', 'vegetables', '01072022115801-600x600-vegetables.png', NULL, '', NULL, 'en', NULL, 0, 1, '', NULL, '', '', NULL, '2023-06-21 01:05:04', '2023-06-21 01:08:04');

-- --------------------------------------------------------

--
-- Table structure for table `product_images`
--

CREATE TABLE `product_images` (
  `id` bigint(20) UNSIGNED NOT NULL,
  `product_id` int(11) DEFAULT NULL,
  `thumbnail` text DEFAULT NULL,
  `large_image` text DEFAULT NULL,
  `desc` text DEFAULT NULL,
  `deleted_at` timestamp NULL DEFAULT NULL,
  `created_at` timestamp NULL DEFAULT NULL,
  `updated_at` timestamp NULL DEFAULT NULL
) ENGINE=InnoDB DEFAULT CHARSET=utf8mb4 COLLATE=utf8mb4_unicode_ci;

--
-- Dumping data for table `product_images`
--

INSERT INTO `product_images` (`id`, `product_id`, `thumbnail`, `large_image`, `desc`, `deleted_at`, `created_at`, `updated_at`) VALUES
(1, 1, '09092022091535-400x400-brand-7.png', '09092022091535-brand-7.png', NULL, NULL, '2023-06-27 00:11:11', '2023-06-27 00:11:11'),
(2, 1, '09092022091526-400x400-brand-5.png', '09092022091526-brand-5.png', NULL, NULL, '2023-06-27 00:11:54', '2023-06-27 00:11:54'),
(3, 1, '09092022091522-400x400-brand-3.png', '09092022091522-brand-3.png', NULL, NULL, '2023-06-27 00:12:54', '2023-06-27 00:12:54'),
(4, 2, '09092022091524-400x400-brand-4.png', '09092022091524-brand-4.png', NULL, '2023-06-27 00:50:46', '2023-06-27 00:50:21', '2023-06-27 00:50:46'),
(5, 2, '02092022061039-400x400-deals_offer.png', '02092022061039-deals_offer.png', NULL, '2023-06-27 00:50:49', '2023-06-27 00:50:32', '2023-06-27 00:50:49'),
(6, 2, '19082022100759-400x400-1-almond-badam.jpg', '19082022100759-1-almond-badam.jpg', NULL, NULL, '2023-06-27 00:51:05', '2023-06-27 00:51:05'),
(7, 2, '19082022100801-400x400-2-almond-badam.jpg', '19082022100801-2-almond-badam.jpg', NULL, NULL, '2023-06-27 00:51:16', '2023-06-27 00:51:16'),
(8, 2, '19082022100804-400x400-3-almond-badam.jpg', '19082022100804-3-almond-badam.jpg', NULL, NULL, '2023-06-27 00:51:25', '2023-06-27 00:51:25');

-- --------------------------------------------------------

--
-- Table structure for table `product_sub_categories`
--

CREATE TABLE `product_sub_categories` (
  `id` bigint(20) UNSIGNED NOT NULL,
  `name` varchar(191) DEFAULT NULL,
  `slug` varchar(255) NOT NULL,
  `description` text DEFAULT NULL,
  `lan` varchar(100) DEFAULT NULL,
  `product_category_id` int(11) DEFAULT NULL,
  `is_publish` int(11) DEFAULT NULL,
  `og_title` text DEFAULT NULL,
  `og_image` text DEFAULT NULL,
  `og_description` text DEFAULT NULL,
  `og_keywords` text DEFAULT NULL,
  `deleted_at` timestamp NULL DEFAULT NULL,
  `created_at` timestamp NULL DEFAULT NULL,
  `updated_at` timestamp NULL DEFAULT NULL
) ENGINE=InnoDB DEFAULT CHARSET=utf8mb4 COLLATE=utf8mb4_unicode_ci;

--
-- Dumping data for table `product_sub_categories`
--

INSERT INTO `product_sub_categories` (`id`, `name`, `slug`, `description`, `lan`, `product_category_id`, `is_publish`, `og_title`, `og_image`, `og_description`, `og_keywords`, `deleted_at`, `created_at`, `updated_at`) VALUES
(1, 'test', 'test', 'test', 'en', 1, 1, '', NULL, '', '', NULL, '2023-06-21 06:29:35', '2023-06-21 06:53:32'),
(2, 'test2', 'test2', '', 'en', 1, 1, '', NULL, '', '', NULL, '2023-06-21 06:32:20', '2023-06-21 06:59:11'),
(3, 'test3', 'test3', 'testing', 'en', 1, 1, 'testing', '09092022091535-400x400-brand-7.png', 'testing', 'testing', NULL, '2023-06-21 06:34:50', '2023-06-22 04:12:17'),
(4, 'test4', 'test4', '', 'en', 1, 1, '', NULL, '', '', NULL, '2023-06-21 06:49:47', '2023-06-21 06:59:27'),
(5, 'test5', 'test5', 'test', 'en', 1, 1, 'test', NULL, 'test', 'test', NULL, '2023-06-22 04:13:38', '2023-06-22 04:13:38');

-- --------------------------------------------------------

--
-- Table structure for table `related_products`
--

CREATE TABLE `related_products` (
  `id` bigint(20) UNSIGNED NOT NULL,
  `product_id` int(11) DEFAULT NULL,
  `related_item_id` int(11) DEFAULT NULL,
  `deleted_at` timestamp NULL DEFAULT NULL,
  `created_at` timestamp NULL DEFAULT NULL,
  `updated_at` timestamp NULL DEFAULT NULL
) ENGINE=InnoDB DEFAULT CHARSET=utf8mb4 COLLATE=utf8mb4_unicode_ci;

--
-- Dumping data for table `related_products`
--

INSERT INTO `related_products` (`id`, `product_id`, `related_item_id`, `deleted_at`, `created_at`, `updated_at`) VALUES
(1, 2, 1, NULL, '2023-06-27 00:53:09', '2023-06-27 00:53:09');

-- --------------------------------------------------------

--
-- Table structure for table `reviews`
--

CREATE TABLE `reviews` (
  `id` bigint(20) UNSIGNED NOT NULL,
  `item_id` int(11) DEFAULT NULL,
  `user_id` int(11) DEFAULT NULL,
  `rating` int(11) DEFAULT NULL,
  `comments` text DEFAULT NULL,
  `created_at` timestamp NULL DEFAULT NULL,
  `updated_at` timestamp NULL DEFAULT NULL
) ENGINE=InnoDB DEFAULT CHARSET=utf8mb4 COLLATE=utf8mb4_unicode_ci;

--
-- Dumping data for table `reviews`
--

INSERT INTO `reviews` (`id`, `item_id`, `user_id`, `rating`, `comments`, `created_at`, `updated_at`) VALUES
(3, 1, 2, 4, 'Good Product', '2023-06-28 07:54:23', '2023-06-28 07:54:23');

-- --------------------------------------------------------

--
-- Table structure for table `roles`
--

CREATE TABLE `roles` (
  `id` bigint(20) UNSIGNED NOT NULL,
  `name` varchar(255) NOT NULL,
  `guard_name` varchar(255) NOT NULL,
  `created_at` timestamp NULL DEFAULT NULL,
  `updated_at` timestamp NULL DEFAULT NULL
) ENGINE=InnoDB DEFAULT CHARSET=utf8mb4 COLLATE=utf8mb4_unicode_ci;

--
-- Dumping data for table `roles`
--

INSERT INTO `roles` (`id`, `name`, `guard_name`, `created_at`, `updated_at`) VALUES
(1, 'admin', 'web', '2023-06-19 04:25:35', '2023-06-19 04:25:35'),
(2, 'user', 'web', '2023-06-19 04:25:35', '2023-06-19 04:25:35');

-- --------------------------------------------------------

--
-- Table structure for table `role_has_permissions`
--

CREATE TABLE `role_has_permissions` (
  `permission_id` bigint(20) UNSIGNED NOT NULL,
  `role_id` bigint(20) UNSIGNED NOT NULL
) ENGINE=InnoDB DEFAULT CHARSET=utf8mb4 COLLATE=utf8mb4_unicode_ci;

-- --------------------------------------------------------

--
-- Table structure for table `shippings`
--

CREATE TABLE `shippings` (
  `id` bigint(20) UNSIGNED NOT NULL,
  `title` varchar(191) DEFAULT NULL,
  `shipping_fee` double NOT NULL,
  `desc` text DEFAULT NULL,
  `is_publish` tinyint(4) DEFAULT NULL,
  `deleted_at` timestamp NULL DEFAULT NULL,
  `created_at` timestamp NULL DEFAULT NULL,
  `updated_at` timestamp NULL DEFAULT NULL
) ENGINE=InnoDB DEFAULT CHARSET=utf8mb4 COLLATE=utf8mb4_unicode_ci;

--
-- Dumping data for table `shippings`
--

INSERT INTO `shippings` (`id`, `title`, `shipping_fee`, `desc`, `is_publish`, `deleted_at`, `created_at`, `updated_at`) VALUES
(1, 'Shipment will be within 2 day. Fee for per seller', 5, 'tesing', 1, NULL, '2023-06-23 01:43:26', '2023-06-23 01:43:26'),
(2, 'Shipment will be within 1 day. Fee for per seller', 20, 'tesitng purpose only', 1, NULL, '2023-06-23 01:46:17', '2023-06-23 01:46:17');

-- --------------------------------------------------------

--
-- Table structure for table `sliders`
--

CREATE TABLE `sliders` (
  `id` bigint(20) UNSIGNED NOT NULL,
  `slider_type` varchar(191) DEFAULT NULL,
  `url` varchar(255) DEFAULT NULL,
  `image` varchar(255) DEFAULT NULL,
  `title` varchar(255) DEFAULT NULL,
  `desc` text DEFAULT NULL,
  `is_publish` tinyint(4) DEFAULT NULL,
  `deleted_at` timestamp NULL DEFAULT NULL,
  `created_at` timestamp NULL DEFAULT NULL,
  `updated_at` timestamp NULL DEFAULT NULL
) ENGINE=InnoDB DEFAULT CHARSET=utf8mb4 COLLATE=utf8mb4_unicode_ci;

--
-- Dumping data for table `sliders`
--

INSERT INTO `sliders` (`id`, `slider_type`, `url`, `image`, `title`, `desc`, `is_publish`, `deleted_at`, `created_at`, `updated_at`) VALUES
(1, 'home_1', 'http://localhost/ecommerce', '22082022151335-banner_1.jpg', 'Lorem Ipsum is simply dummy text', '{\"sub_title\":\"Lorem Ipsum is simply dummy text of the printing and typesetting industry\",\"layer_image_1\":\"22082022151301-banner-2.jpg\",\"layer_image_2\":\"09092022091517-brand-1.png\",\"layer_image_3\":\"09092022091522-brand-3.png\",\"button_text\":\"Shop Now\",\"target\":\"_blank\"}', 2, '2023-06-23 06:25:10', '2023-06-23 06:20:28', '2023-06-23 06:25:10'),
(2, 'home_1', 'http://localhost/ecommerce', '22082022151335-banner_1.jpg', 'Lorem Ipsum is simply dummy text', '{\"sub_title\":\"Lorem Ipsum is simply dummy text of the printing and typesetting industry\",\"layer_image_1\":\"09092022091517-brand-1.png\",\"layer_image_2\":\"09092022091522-brand-3.png\",\"layer_image_3\":\"09092022091522-brand-3.png\",\"button_text\":\"Shop Now\",\"target\":\"_blank\"}', 2, NULL, '2023-06-23 06:26:28', '2023-06-23 06:26:28');

-- --------------------------------------------------------

--
-- Table structure for table `social_medias`
--

CREATE TABLE `social_medias` (
  `id` bigint(20) UNSIGNED NOT NULL,
  `title` varchar(191) DEFAULT NULL,
  `url` text DEFAULT NULL,
  `social_icon` varchar(191) DEFAULT NULL,
  `target` varchar(100) DEFAULT NULL,
  `is_publish` tinyint(4) DEFAULT NULL,
  `deleted_at` timestamp NULL DEFAULT NULL,
  `created_at` timestamp NULL DEFAULT NULL,
  `updated_at` timestamp NULL DEFAULT NULL
) ENGINE=InnoDB DEFAULT CHARSET=utf8mb4 COLLATE=utf8mb4_unicode_ci;

--
-- Dumping data for table `social_medias`
--

INSERT INTO `social_medias` (`id`, `title`, `url`, `social_icon`, `target`, `is_publish`, `deleted_at`, `created_at`, `updated_at`) VALUES
(1, 'Facebook', 'https://www.facebook.com', 'fa fa-facebook', '_blank', 2, NULL, '2023-06-27 07:00:04', '2023-06-27 07:00:30'),
(2, 'Youtube', 'https://www.youtube.com', 'fa fa-youtube', '_blank', 2, NULL, '2023-06-27 07:01:10', '2023-06-27 07:01:10');

-- --------------------------------------------------------

--
-- Table structure for table `states`
--

CREATE TABLE `states` (
  `id` bigint(20) UNSIGNED NOT NULL,
  `name` varchar(255) NOT NULL,
  `country_id` int(11) NOT NULL,
  `country_code` varchar(255) NOT NULL,
  `fips_code` varchar(255) NOT NULL,
  `iso2` varchar(255) NOT NULL,
  `type` varchar(255) NOT NULL,
  `latitude` double(10,8) NOT NULL,
  `longitude` varchar(11) NOT NULL,
  `flag` int(11) NOT NULL DEFAULT 1,
  `created_at` timestamp NULL DEFAULT NULL,
  `updated_at` timestamp NULL DEFAULT NULL
) ENGINE=InnoDB DEFAULT CHARSET=utf8mb4 COLLATE=utf8mb4_unicode_ci;

-- --------------------------------------------------------

--
-- Table structure for table `subscribers`
--

CREATE TABLE `subscribers` (
  `id` bigint(20) UNSIGNED NOT NULL,
  `email_address` varchar(191) DEFAULT NULL,
  `first_name` varchar(100) DEFAULT NULL,
  `last_name` varchar(100) DEFAULT NULL,
  `address` text DEFAULT NULL,
  `phone_number` varchar(12) DEFAULT NULL,
  `status` varchar(50) DEFAULT NULL,
  `created_at` timestamp NULL DEFAULT NULL,
  `updated_at` timestamp NULL DEFAULT NULL
) ENGINE=InnoDB DEFAULT CHARSET=utf8mb4 COLLATE=utf8mb4_unicode_ci;

--
-- Dumping data for table `subscribers`
--

INSERT INTO `subscribers` (`id`, `email_address`, `first_name`, `last_name`, `address`, `phone_number`, `status`, `created_at`, `updated_at`) VALUES
(1, 'kush@gmail.com', NULL, NULL, NULL, NULL, 'subscribed', '2023-06-28 04:54:47', '2023-06-28 04:54:47');

-- --------------------------------------------------------

--
-- Table structure for table `system_settings`
--

CREATE TABLE `system_settings` (
  `id` bigint(20) UNSIGNED NOT NULL,
  `type` varchar(255) NOT NULL,
  `value` text DEFAULT NULL,
  `created_at` timestamp NULL DEFAULT NULL,
  `updated_at` timestamp NULL DEFAULT NULL
) ENGINE=InnoDB DEFAULT CHARSET=utf8mb4 COLLATE=utf8mb4_unicode_ci;

--
-- Dumping data for table `system_settings`
--

INSERT INTO `system_settings` (`id`, `type`, `value`, `created_at`, `updated_at`) VALUES
(1, 'general_settings', '{\"company\":\"Aktive Heads\",\"email\":\"info@aktiveheads.com\",\"phone\":\"87266 64000\",\"site_name\":\"Aktive Heads Ecommerce\",\"site_title\":\"Aktive Heads Ecommerce Food & Grocery eCommerce\",\"address\":\"1\\/118, Viraj Khand - 1, Viraj Khand, Gomti Nagar, Lucknow, Uttar Pradesh 226010\",\"timezone\":\"Asia\\/Kolkata\"}', '2023-06-23 06:38:15', '2023-06-17 05:33:20'),
(2, 'google_map', '{\"googlemap_apikey\":\"!1m26!1m12!1m3!1d7119.124846017067!2d81.02024587528622!3d26.85386663261174!2m3!1f0!2f0!3f0!3m2!1i1024!2i768!4f13.1!4m11!3e6!4m3!3m2!1d26.852446699999998!2d81.0202426!4m5!1s0x399be2f12da2c687%3A0x86319699994a20e2!2saktivehead!3m2!1d26.8543782!2d81.0289038!5e0!3m2!1sen!2sin!4v1687000556940!5m2!1sen!2sin\",\"is_googlemap\":1}', '2023-06-17 05:54:03', '2023-06-17 05:55:17'),
(3, 'mail_settings', '{\"ismail\":0,\"from_name\":\"Aktive Heads\",\"from_mail\":\"info@aktiveheads.com\",\"to_name\":\"Kush\",\"to_mail\":\"info@aktiveheads.com\",\"mailer\":\"smtp\",\"smtp_host\":\"aktiveheads.com\",\"smtp_port\":\"465\",\"smtp_security\":\"tls\",\"smtp_username\":\"admin@companyname.com\",\"smtp_password\":\"12345678\"}', '2023-06-17 06:27:30', '2023-06-17 06:27:30'),
(4, 'currency', '{\"currency_name\":\"INR\",\"currency_icon\":\"\\u20b9\",\"currency_position\":\"left\"}', '2023-06-23 01:07:09', '2023-06-23 01:07:09'),
(5, 'cash_on_delivery', '{\"description\":\"Please pay money directly to the postman, if you choose cash on delivery method (COD).\",\"isenable\":0}', '2023-06-23 03:33:20', '2023-06-23 03:37:52'),
(6, 'theme_logo', '{\"favicon\":\"27062023101203-400x400-ah-logo-black.png\",\"front_logo\":\"27062023101203-400x400-ah-logo-black.png\",\"back_logo\":\"27062023101203-400x400-ah-logo-black.png\"}', '2023-06-27 04:44:24', '2023-06-27 04:44:24'),
(7, 'theme_option_header', '{\"address\":\"1\\/118, Viraj Khand - 1, Viraj Khand, Gomti Nagar, Lucknow, Uttar Pradesh 22601\",\"phone\":\"87266 64000\",\"is_publish\":\"1\"}', '2023-06-27 05:18:36', '2023-06-27 05:18:36'),
(8, 'theme_option_footer', '{\"about_logo\":\"27062023101203-ah-logo-black.png\",\"about_desc\":\"AktiveHeads is a Premium Networking Platform for Business Owners and Professional, Business Owners and Professionals to expand their business exceptionally.\",\"is_publish_about\":\"1\",\"address\":\"1\\/118, Viraj Khand - 1, Viraj Khand, Gomti Nagar, Lucknow, Uttar Pradesh 226010\",\"phone\":\"87266 64000\",\"email\":\"info@aktiveheads.com\",\"is_publish_contact\":\"1\",\"copyright\":\"Copyright &copy; 2023. All rights reserved by <a href=\\\"https:\\/\\/www.aktiveheadsadvertising.com\\/\\\">Aktive Heads Advertising<\\/a>\",\"is_publish_copyright\":\"1\",\"payment_gateway_icon\":null,\"is_publish_payment\":\"2\"}', '2023-06-27 05:45:21', '2023-06-27 05:45:21'),
(9, 'theme_option_seo', '{\"og_title\":\"Lorem Ipsum un testo segnaposto utilizzato nel settore della tipografia e della stampa.\",\"og_image\":\"27062023101203-400x400-ah-logo-black.png\",\"og_description\":\"Lorem Ipsum un testo segnaposto utilizzato nel settore della tipografia e della stampa.\",\"og_keywords\":\"Lorem Ipsum un testo segnaposto utilizzato nel settore della tipografia e della stampa.\",\"is_publish\":\"1\"}', '2023-06-27 23:57:43', '2023-06-27 23:57:43'),
(10, 'whatsapp', '{\"whatsapp_id\":\"8726664000\",\"whatsapp_text\":\"Lorem ipsum\",\"position\":\"left\",\"is_publish\":\"1\"}', '2023-06-28 01:20:34', '2023-06-28 01:20:34'),
(11, 'subscribe_popup', '{\"subscribe_title\":\"Subscribe our newsletter\",\"subscribe_popup_desc\":\"Lorem Ipsum is simply dummy text of the printing and typesetting industry. Lorem Ipsum has been the industry\'s standard dummy text ever since the 1500s, when an unknown printer took a galley of type and scrambled it to make a type specimen book.\",\"bg_image_popup\":\"22082022151023-banner_4.jpg\",\"background_image\":\"31072022063546-3.jpg\",\"is_subscribe_popup\":0,\"is_subscribe_footer\":0}', '2023-06-28 05:21:10', '2023-06-28 05:21:10');

-- --------------------------------------------------------

--
-- Table structure for table `taxes`
--

CREATE TABLE `taxes` (
  `id` bigint(20) UNSIGNED NOT NULL,
  `title` varchar(191) DEFAULT NULL,
  `percentage` double DEFAULT NULL,
  `is_publish` tinyint(4) DEFAULT NULL,
  `deleted_at` timestamp NULL DEFAULT NULL,
  `created_at` timestamp NULL DEFAULT NULL,
  `updated_at` timestamp NULL DEFAULT NULL
) ENGINE=InnoDB DEFAULT CHARSET=utf8mb4 COLLATE=utf8mb4_unicode_ci;

--
-- Dumping data for table `taxes`
--

INSERT INTO `taxes` (`id`, `title`, `percentage`, `is_publish`, `deleted_at`, `created_at`, `updated_at`) VALUES
(1, 'VAT', 5, 1, NULL, '2023-06-22 07:23:27', '2023-06-22 07:23:27');

-- --------------------------------------------------------

--
-- Table structure for table `test_users`
--

CREATE TABLE `test_users` (
  `id` int(11) NOT NULL,
  `name` varchar(100) NOT NULL,
  `email` varchar(100) NOT NULL,
  `age` int(11) NOT NULL,
  `gender` varchar(10) DEFAULT NULL,
  `created_at` timestamp NOT NULL DEFAULT current_timestamp()
) ENGINE=InnoDB DEFAULT CHARSET=utf8mb4 COLLATE=utf8mb4_general_ci;

--
-- Dumping data for table `test_users`
--

INSERT INTO `test_users` (`id`, `name`, `email`, `age`, `gender`, `created_at`) VALUES
(1, 'Kush Kumar Soni', 'kush@gmail.com', 20, 'Male', '2023-06-21 17:01:25'),
(20, 'Radhey Bhai', 'radheybhai@gmail.com', 25, 'Male', '2023-06-22 08:12:34'),
(23, 'Radhika', 'radhika@gmail.com', 21, 'Female', '2023-06-22 09:03:10'),
(25, 'Deepak Chaudhary', 'deepakchaudhary@gmail.com', 26, 'Male', '2023-06-25 10:01:37'),
(26, 'krish Mohan', 'krishmohan@gmail.com', 21, 'Male', '2023-06-25 12:46:39');

-- --------------------------------------------------------

--
-- Table structure for table `timezones`
--

CREATE TABLE `timezones` (
  `id` bigint(20) UNSIGNED NOT NULL,
  `timezone` varchar(255) NOT NULL,
  `timezone_name` varchar(255) NOT NULL,
  `created_at` timestamp NULL DEFAULT NULL,
  `updated_at` timestamp NULL DEFAULT NULL
) ENGINE=InnoDB DEFAULT CHARSET=utf8mb4 COLLATE=utf8mb4_unicode_ci;

--
-- Dumping data for table `timezones`
--

INSERT INTO `timezones` (`id`, `timezone`, `timezone_name`, `created_at`, `updated_at`) VALUES
(1, 'Pacific/Midway', 'Midway Island, Samoa', '2021-03-30 18:30:00', '2021-03-30 19:32:14'),
(2, 'Pacific/Pago_Pago', 'Pago Pago', '2021-03-30 18:30:00', '2021-03-30 19:32:14'),
(3, 'Pacific/Honolulu', 'Hawaii', '2021-03-30 18:30:00', '2021-03-30 19:32:14'),
(4, 'America/Anchorage', 'Alaska', '2021-03-30 18:30:00', '2021-03-30 19:32:14'),
(5, 'America/Vancouver', 'Vancouver', '2021-03-30 18:30:00', '2021-03-30 19:32:14'),
(6, 'America/Los_Angeles', 'Pacific Time (US and Canada)', '2021-03-30 18:30:00', '2021-03-30 19:32:14'),
(7, 'America/Tijuana', 'Tijuana', '2021-03-30 18:30:00', '2021-03-30 19:32:14'),
(8, 'America/Edmonton', 'Edmonton', '2021-03-30 18:30:00', '2021-03-30 19:32:14'),
(9, 'America/Denver', 'Mountain Time (US and Canada)', '2021-03-30 18:30:00', '2021-03-30 19:32:14'),
(10, 'America/Phoenix', 'Arizona', '2021-03-30 18:30:00', '2021-03-30 19:32:14'),
(11, 'America/Mazatlan', 'Mazatlan', '2021-03-30 18:30:00', '2021-03-30 19:32:14'),
(12, 'America/Winnipeg', 'Winnipeg', '2021-03-30 18:30:00', '2021-03-30 19:32:14'),
(13, 'America/Regina', 'Saskatchewan', '2021-03-30 18:30:00', '2021-03-30 19:32:14'),
(14, 'America/Chicago', 'Central Time (US and Canada)', '2021-03-30 18:30:00', '2021-03-30 19:32:14'),
(15, 'America/Mexico_City', 'Mexico City', '2021-03-30 18:30:00', '2021-03-30 19:32:14'),
(16, 'America/Guatemala', 'Guatemala', '2021-03-30 18:30:00', '2021-03-30 19:32:14'),
(17, 'America/El_Salvador', 'El Salvador', '2021-03-30 18:30:00', '2021-03-30 19:32:14'),
(18, 'America/Managua', 'Managua', '2021-03-30 18:30:00', '2021-03-30 19:32:14'),
(19, 'America/Costa_Rica', 'Costa Rica', '2021-03-30 18:30:00', '2021-03-30 19:32:14'),
(20, 'America/Montreal', 'Montreal', '2021-03-30 18:30:00', '2021-03-30 19:32:14'),
(21, 'America/New_York', 'Eastern Time (US and Canada)', '2021-03-30 18:30:00', '2021-03-30 19:32:14'),
(22, 'America/Indianapolis', 'Indiana (East)', '2021-03-30 18:30:00', '2021-03-30 19:32:14'),
(23, 'America/Panama', 'Panama', '2021-03-30 18:30:00', '2021-03-30 19:32:14'),
(24, 'America/Bogota', 'Bogota', '2021-03-30 18:30:00', '2021-03-30 19:32:14'),
(25, 'America/Lima', 'Lima', '2021-03-30 18:30:00', '2021-03-30 19:32:14'),
(26, 'America/Halifax', 'Halifax', '2021-03-30 18:30:00', '2021-03-30 19:32:14'),
(27, 'America/Puerto_Rico', 'Puerto Rico', '2021-03-30 18:30:00', '2021-03-30 19:32:14'),
(28, 'America/Caracas', 'Caracas', '2021-03-30 18:30:00', '2021-03-30 19:32:14'),
(29, 'America/Santiago', 'Santiago', '2021-03-30 18:30:00', '2021-03-30 19:32:14'),
(30, 'America/St_Johns', 'Newfoundland and Labrador', '2021-03-30 18:30:00', '2021-03-30 19:32:14'),
(31, 'America/Montevideo', 'Montevideo', '2021-03-30 18:30:00', '2021-03-30 19:32:14'),
(32, 'America/Araguaina', 'Brasilia', '2021-03-30 18:30:00', '2021-03-30 19:32:14'),
(33, 'America/Argentina/Buenos_Aires', 'Buenos Aires, Georgetown', '2021-03-30 18:30:00', '2021-03-30 19:32:14'),
(34, 'America/Godthab', 'Greenland', '2021-03-30 18:30:00', '2021-03-30 19:32:14'),
(35, 'America/Sao_Paulo', 'Sao Paulo', '2021-03-30 18:30:00', '2021-03-30 19:32:14'),
(36, 'Atlantic/Azores', 'Azores', '2021-03-30 18:30:00', '2021-03-30 19:32:14'),
(37, 'Canada/Atlantic', 'Atlantic Time (Canada)', '2021-03-30 18:30:00', '2021-03-30 19:32:14'),
(38, 'Atlantic/Cape_Verde', 'Cape Verde Islands', '2021-03-30 18:30:00', '2021-03-30 19:32:14'),
(39, 'UTC', 'Universal Time UTC', '2021-03-30 18:30:00', '2021-03-30 19:32:14'),
(40, 'Etc/Greenwich', 'Greenwich Mean Time', '2021-03-30 18:30:00', '2021-03-30 19:32:14'),
(41, 'Europe/Belgrade', 'Belgrade, Bratislava, Ljubljana', '2021-03-30 18:30:00', '2021-03-30 19:32:14'),
(42, 'CET', 'Sarajevo, Skopje, Zagreb', '2021-03-30 18:30:00', '2021-03-30 19:32:14'),
(43, 'Atlantic/Reykjavik', 'Reykjavik', '2021-03-30 18:30:00', '2021-03-30 19:32:14'),
(44, 'Europe/Dublin', 'Dublin', '2021-03-30 18:30:00', '2021-03-30 19:32:14'),
(45, 'Europe/London', 'London', '2021-03-30 18:30:00', '2021-03-30 19:32:14'),
(46, 'Europe/Lisbon', 'Lisbon', '2021-03-30 18:30:00', '2021-03-30 19:32:14'),
(47, 'Africa/Casablanca', 'Casablanca', '2021-03-30 18:30:00', '2021-03-30 19:32:14'),
(48, 'Africa/Nouakchott', 'Nouakchott', '2021-03-30 18:30:00', '2021-03-30 19:32:14'),
(49, 'Europe/Oslo', 'Oslo', '2021-03-30 18:30:00', '2021-03-30 19:32:14'),
(50, 'Europe/Copenhagen', 'Copenhagen', '2021-03-30 18:30:00', '2021-03-30 19:32:14'),
(51, 'Europe/Brussels', 'Brussels', '2021-03-30 18:30:00', '2021-03-30 19:32:14'),
(52, 'Europe/Berlin', 'Amsterdam, Berlin, Rome, Stockholm, Vienna', '2021-03-30 18:30:00', '2021-03-30 19:32:14'),
(53, 'Europe/Helsinki', 'Helsinki', '2021-03-30 18:30:00', '2021-03-30 19:32:14'),
(54, 'Europe/Amsterdam', 'Amsterdam', '2021-03-30 18:30:00', '2021-03-30 19:32:14'),
(55, 'Europe/Rome', 'Rome', '2021-03-30 18:30:00', '2021-03-30 19:32:14'),
(56, 'Europe/Stockholm', 'Stockholm', '2021-03-30 18:30:00', '2021-03-30 19:32:14'),
(57, 'Europe/Vienna', 'Vienna', '2021-03-30 18:30:00', '2021-03-30 19:32:14'),
(58, 'Europe/Luxembourg', 'Luxembourg', '2021-03-30 18:30:00', '2021-03-30 19:32:14'),
(59, 'Europe/Paris', 'Paris', '2021-03-30 18:30:00', '2021-03-30 19:32:14'),
(60, 'Europe/Zurich', 'Zurich', '2021-03-30 18:30:00', '2021-03-30 19:32:14'),
(61, 'Europe/Madrid', 'Madrid', '2021-03-30 18:30:00', '2021-03-30 19:32:14'),
(62, 'Africa/Bangui', 'West Central Africa', '2021-03-30 18:30:00', '2021-03-30 19:32:14'),
(63, 'Africa/Algiers', 'Algiers', '2021-03-30 18:30:00', '2021-03-30 19:32:14'),
(64, 'Africa/Tunis', 'Tunis', '2021-03-30 18:30:00', '2021-03-30 19:32:14'),
(65, 'Africa/Harare', 'Harare, Pretoria', '2021-03-30 18:30:00', '2021-03-30 19:32:14'),
(66, 'Africa/Nairobi', 'Nairobi', '2021-03-30 18:30:00', '2021-03-30 19:32:14'),
(67, 'Europe/Warsaw', 'Warsaw', '2021-03-30 18:30:00', '2021-03-30 19:32:14'),
(68, 'Europe/Prague', 'Prague Bratislava', '2021-03-30 18:30:00', '2021-03-30 19:32:14'),
(69, 'Europe/Budapest', 'Budapest', '2021-03-30 18:30:00', '2021-03-30 19:32:14'),
(70, 'Europe/Sofia', 'Sofia', '2021-03-30 18:30:00', '2021-03-30 19:32:14'),
(71, 'Europe/Istanbul', 'Istanbul', '2021-03-30 18:30:00', '2021-03-30 19:32:14'),
(72, 'Europe/Athens', 'Athens', '2021-03-30 18:30:00', '2021-03-30 19:32:14'),
(73, 'Europe/Bucharest', 'Bucharest', '2021-03-30 18:30:00', '2021-03-30 19:32:14'),
(74, 'Asia/Nicosia', 'Nicosia', '2021-03-30 18:30:00', '2021-03-30 19:32:14'),
(75, 'Asia/Beirut', 'Beirut', '2021-03-30 18:30:00', '2021-03-30 19:32:14'),
(76, 'Asia/Damascus', 'Damascus', '2021-03-30 18:30:00', '2021-03-30 19:32:14'),
(77, 'Asia/Jerusalem', 'Jerusalem', '2021-03-30 18:30:00', '2021-03-30 19:32:14'),
(78, 'Asia/Amman', 'Amman', '2021-03-30 18:30:00', '2021-03-30 19:32:14'),
(79, 'Africa/Tripoli', 'Tripoli', '2021-03-30 18:30:00', '2021-03-30 19:32:14'),
(80, 'Africa/Cairo', 'Cairo', '2021-03-30 18:30:00', '2021-03-30 19:32:14'),
(81, 'Africa/Johannesburg', 'Johannesburg', '2021-03-30 18:30:00', '2021-03-30 19:32:14'),
(82, 'Europe/Moscow', 'Moscow', '2021-03-30 18:30:00', '2021-03-30 19:32:14'),
(83, 'Asia/Baghdad', 'Baghdad', '2021-03-30 18:30:00', '2021-03-30 19:32:14'),
(84, 'Asia/Kuwait', 'Kuwait', '2021-03-30 18:30:00', '2021-03-30 19:32:14'),
(85, 'Asia/Riyadh', 'Riyadh', '2021-03-30 18:30:00', '2021-03-30 19:32:14'),
(86, 'Asia/Bahrain', 'Bahrain', '2021-03-30 18:30:00', '2021-03-30 19:32:14'),
(87, 'Asia/Qatar', 'Qatar', '2021-03-30 18:30:00', '2021-03-30 19:32:14'),
(88, 'Asia/Aden', 'Aden', '2021-03-30 18:30:00', '2021-03-30 19:32:14'),
(89, 'Asia/Tehran', 'Tehran', '2021-03-30 18:30:00', '2021-03-30 19:32:14'),
(90, 'Africa/Khartoum', 'Khartoum', '2021-03-30 18:30:00', '2021-03-30 19:32:14'),
(91, 'Africa/Djibouti', 'Djibouti', '2021-03-30 18:30:00', '2021-03-30 19:32:14'),
(92, 'Africa/Mogadishu', 'Mogadishu', '2021-03-30 18:30:00', '2021-03-30 19:32:14'),
(93, 'Asia/Dubai', 'Dubai', '2021-03-30 18:30:00', '2021-03-30 19:32:14'),
(94, 'Asia/Muscat', 'Muscat', '2021-03-30 18:30:00', '2021-03-30 19:32:14'),
(95, 'Asia/Baku', 'Baku, Tbilisi, Yerevan', '2021-03-30 18:30:00', '2021-03-30 19:32:14'),
(96, 'Asia/Kabul', 'Kabul', '2021-03-30 18:30:00', '2021-03-30 19:32:14'),
(97, 'Asia/Yekaterinburg', 'Yekaterinburg', '2021-03-30 18:30:00', '2021-03-30 19:32:14'),
(98, 'Asia/Tashkent', 'Islamabad, Karachi, Tashkent', '2021-03-30 18:30:00', '2021-03-30 19:32:14'),
(99, 'Asia/Calcutta', 'India', '2021-03-30 18:30:00', '2021-03-30 19:32:14'),
(100, 'Asia/Kathmandu', 'Kathmandu', '2021-03-30 18:30:00', '2021-03-30 19:32:14'),
(101, 'Asia/Novosibirsk', 'Novosibirsk', '2021-03-30 18:30:00', '2021-03-30 19:32:14'),
(102, 'Asia/Almaty', 'Almaty', '2021-03-30 18:30:00', '2021-03-30 19:32:14'),
(103, 'Asia/Dacca', 'Dacca', '2021-03-30 18:30:00', '2021-03-30 19:32:14'),
(104, 'Asia/Krasnoyarsk', 'Krasnoyarsk', '2021-03-30 18:30:00', '2021-03-30 19:32:14'),
(105, 'Asia/Dhaka', 'Astana, Dhaka', '2021-03-30 18:30:00', '2021-03-30 19:32:14'),
(106, 'Asia/Bangkok', 'Bangkok', '2021-03-30 18:30:00', '2021-03-30 19:32:14'),
(107, 'Asia/Saigon', 'Vietnam', '2021-03-30 18:30:00', '2021-03-30 19:32:14'),
(108, 'Asia/Jakarta', 'Jakarta', '2021-03-30 18:30:00', '2021-03-30 19:32:14'),
(109, 'Asia/Irkutsk', 'Irkutsk, Ulaanbaatar', '2021-03-30 18:30:00', '2021-03-30 19:32:14'),
(110, 'Asia/Shanghai', 'Beijing, Shanghai', '2021-03-30 18:30:00', '2021-03-30 19:32:14'),
(111, 'Asia/Hong_Kong', 'Hong Kong', '2021-03-30 18:30:00', '2021-03-30 19:32:14'),
(112, 'Asia/Taipei', 'Taipei', '2021-03-30 18:30:00', '2021-03-30 19:32:14'),
(113, 'Asia/Kuala_Lumpur', 'Kuala Lumpur', '2021-03-30 18:30:00', '2021-03-30 19:32:14'),
(114, 'Asia/Singapore', 'Singapore', '2021-03-30 18:30:00', '2021-03-30 19:32:14'),
(115, 'Australia/Perth', 'Perth', '2021-03-30 18:30:00', '2021-03-30 19:32:14'),
(116, 'Asia/Yakutsk', 'Yakutsk', '2021-03-30 18:30:00', '2021-03-30 19:32:14'),
(117, 'Asia/Seoul', 'Seoul', '2021-03-30 18:30:00', '2021-03-30 19:32:14'),
(118, 'Asia/Tokyo', 'Osaka, Sapporo, Tokyo', '2021-03-30 18:30:00', '2021-03-30 19:32:14'),
(119, 'Australia/Darwin', 'Darwin', '2021-03-30 18:30:00', '2021-03-30 19:32:14'),
(120, 'Australia/Adelaide', 'Adelaide', '2021-03-30 18:30:00', '2021-03-30 19:32:14'),
(121, 'Asia/Vladivostok', 'Vladivostok', '2021-03-30 18:30:00', '2021-03-30 19:32:14'),
(122, 'Pacific/Port_Moresby', 'Guam, Port Moresby', '2021-03-30 18:30:00', '2021-03-30 19:32:14'),
(123, 'Australia/Brisbane', 'Brisbane', '2021-03-30 18:30:00', '2021-03-30 19:32:14'),
(124, 'Australia/Sydney', 'Canberra, Melbourne, Sydney', '2021-03-30 18:30:00', '2021-03-30 19:32:14'),
(125, 'Australia/Hobart', 'Hobart', '2021-03-30 18:30:00', '2021-03-30 19:32:14'),
(126, 'Asia/Magadan', 'Magadan', '2021-03-30 18:30:00', '2021-03-30 19:32:14'),
(127, 'SST', 'Solomon Islands', '2021-03-30 18:30:00', '2021-03-30 19:32:14'),
(128, 'Pacific/Noumea', 'New Caledonia', '2021-03-30 18:30:00', '2021-03-30 19:32:14'),
(129, 'Asia/Kamchatka', 'Kamchatka', '2021-03-30 18:30:00', '2021-03-30 19:32:14'),
(130, 'Pacific/Fiji', 'Fiji Islands, Marshall Islands', '2021-03-30 18:30:00', '2021-03-30 19:32:14'),
(131, 'Pacific/Auckland', 'Auckland, Wellington', '2021-03-30 18:30:00', '2021-03-30 19:32:14'),
(132, 'Asia/Kolkata', 'Mumbai, Kolkata, New Delhi', '2021-03-30 18:30:00', '2021-03-30 19:32:14'),
(133, 'Europe/Kiev', 'Kiev', '2021-03-30 18:30:00', '2021-03-30 19:32:14'),
(134, 'America/Tegucigalpa', 'Tegucigalpa', '2021-03-30 18:30:00', '2021-03-30 19:32:14'),
(135, 'Pacific/Apia', 'Independent State of Samoa', '2021-03-30 18:30:00', '2021-03-30 19:32:14');

-- --------------------------------------------------------

--
-- Table structure for table `tp_status`
--

CREATE TABLE `tp_status` (
  `id` bigint(20) UNSIGNED NOT NULL,
  `status` varchar(255) DEFAULT NULL,
  `created_at` timestamp NULL DEFAULT NULL,
  `updated_at` timestamp NULL DEFAULT NULL
) ENGINE=InnoDB DEFAULT CHARSET=utf8mb4 COLLATE=utf8mb4_unicode_ci;

--
-- Dumping data for table `tp_status`
--

INSERT INTO `tp_status` (`id`, `status`, `created_at`, `updated_at`) VALUES
(1, 'Publish', '2023-06-20 07:40:15', '2023-06-20 07:40:15'),
(2, 'Draft', '2023-06-20 07:40:15', '2023-06-20 07:40:15');

-- --------------------------------------------------------

--
-- Table structure for table `users`
--

CREATE TABLE `users` (
  `id` bigint(20) UNSIGNED NOT NULL,
  `name` varchar(255) NOT NULL,
  `email` varchar(255) NOT NULL,
  `email_verified_at` timestamp NULL DEFAULT NULL,
  `password` varchar(255) NOT NULL,
  `shop_name` varchar(255) DEFAULT NULL,
  `shop_url` varchar(255) DEFAULT NULL,
  `phone` varchar(50) DEFAULT NULL,
  `address` text DEFAULT NULL,
  `country_id` int(11) DEFAULT NULL,
  `state_id` int(11) DEFAULT NULL,
  `city_id` int(11) DEFAULT NULL,
  `pin_code` int(11) DEFAULT NULL,
  `photo` varchar(255) DEFAULT NULL,
  `status_id` tinyint(4) NOT NULL DEFAULT 1,
  `role_id` int(11) NOT NULL DEFAULT 2,
  `remember_token` varchar(100) DEFAULT NULL,
  `deleted_at` timestamp NULL DEFAULT NULL,
  `created_at` timestamp NULL DEFAULT NULL,
  `updated_at` timestamp NULL DEFAULT NULL
) ENGINE=InnoDB DEFAULT CHARSET=utf8mb4 COLLATE=utf8mb4_unicode_ci;

--
-- Dumping data for table `users`
--

INSERT INTO `users` (`id`, `name`, `email`, `email_verified_at`, `password`, `shop_name`, `shop_url`, `phone`, `address`, `country_id`, `state_id`, `city_id`, `pin_code`, `photo`, `status_id`, `role_id`, `remember_token`, `deleted_at`, `created_at`, `updated_at`) VALUES
(1, 'Admin', 'admin@gmail.com', NULL, '$2y$10$n4lFFxUf7uZzMMWcvBNs7eLCYAn64VWORTyR7a09JcrWmDV.3GOvS', NULL, NULL, '8726664000', 'Viraj Khand Gomati Nagar', NULL, NULL, NULL, 226012, '19062023074630-400x400-channels4_profile.jpg', 1, 1, 'eY7nUKVGDpb4mZRbXBdBjiUSGrnsXLlv3bibsVgJAwNmFc4kBr6WShum62rM', NULL, '2023-06-17 00:43:03', '2023-06-19 02:31:55'),
(2, 'Kush', 'kush@gmail.com', NULL, '$2y$10$WPuJCRw5JKekAArhJecW8elkCCsiZyBtihwSBtxxG2ky0/TIJmPN6', NULL, NULL, '7355787097', 'Lekhraj Market', NULL, NULL, NULL, 226021, NULL, 1, 2, '8jtR3tEWqScoDclVIdEHX3a0NUG6EjC1gNCRwunpU4UFlVk5EvxlFyIYAesU', NULL, '2023-06-17 01:48:19', '2023-06-20 00:53:18'),
(3, 'Arsh', 'arsh@gmail.com', NULL, '$2y$10$Hq6NYWCC0eu/bL3oKepBI.8DiKYs4qCv23VLAhHHRAMXURWxYjDyy', NULL, NULL, '9369306591', '1/118, Viraj Khand - 1, Viraj Khand, Gomti Nagar, Lucknow, Uttar Pradesh 226010', NULL, NULL, NULL, NULL, '20062023061833-400x400-WhatsApp Image 2023-06-12 at 1.35.03 PM (1).jpeg', 1, 2, NULL, NULL, '2023-06-20 00:48:46', '2023-06-20 00:53:18'),
(4, 'Rahul Kumar', 'rahul@gmail.com', NULL, '$2y$10$2PSFEP6oQUVB1oy72f2Q3uVNQd8C6dWO8jrikOBU6IWSTpjkkRPUC', NULL, NULL, NULL, NULL, NULL, NULL, NULL, NULL, NULL, 1, 2, NULL, NULL, '2023-06-26 23:42:12', '2023-06-26 23:42:12');

-- --------------------------------------------------------

--
-- Table structure for table `user_roles`
--

CREATE TABLE `user_roles` (
  `id` bigint(20) UNSIGNED NOT NULL,
  `role` varchar(100) DEFAULT NULL,
  `created_at` timestamp NULL DEFAULT NULL,
  `updated_at` timestamp NULL DEFAULT NULL
) ENGINE=InnoDB DEFAULT CHARSET=utf8mb4 COLLATE=utf8mb4_unicode_ci;

--
-- Dumping data for table `user_roles`
--

INSERT INTO `user_roles` (`id`, `role`, `created_at`, `updated_at`) VALUES
(1, 'admin', '2023-06-19 11:16:39', '2023-06-19 11:16:52'),
(2, 'user', '2023-06-19 11:16:48', '2023-06-19 11:16:55');

-- --------------------------------------------------------

--
-- Table structure for table `user_status`
--

CREATE TABLE `user_status` (
  `id` bigint(20) UNSIGNED NOT NULL,
  `status` varchar(15) DEFAULT NULL,
  `created_at` timestamp NULL DEFAULT NULL,
  `updated_at` timestamp NULL DEFAULT NULL
) ENGINE=InnoDB DEFAULT CHARSET=utf8mb4 COLLATE=utf8mb4_unicode_ci;

--
-- Dumping data for table `user_status`
--

INSERT INTO `user_status` (`id`, `status`, `created_at`, `updated_at`) VALUES
(1, 'Active', '2023-06-19 11:17:09', '2023-06-19 11:17:09'),
(2, 'Inactive', '2023-06-19 11:17:09', '2023-06-19 11:17:09');

--
-- Indexes for dumped tables
--

--
-- Indexes for table `attributes`
--
ALTER TABLE `attributes`
  ADD PRIMARY KEY (`id`);

--
-- Indexes for table `brands`
--
ALTER TABLE `brands`
  ADD PRIMARY KEY (`id`);

--
-- Indexes for table `cities`
--
ALTER TABLE `cities`
  ADD PRIMARY KEY (`id`);

--
-- Indexes for table `contacts`
--
ALTER TABLE `contacts`
  ADD PRIMARY KEY (`id`);

--
-- Indexes for table `countries`
--
ALTER TABLE `countries`
  ADD PRIMARY KEY (`id`);

--
-- Indexes for table `coupons`
--
ALTER TABLE `coupons`
  ADD PRIMARY KEY (`id`);

--
-- Indexes for table `failed_jobs`
--
ALTER TABLE `failed_jobs`
  ADD PRIMARY KEY (`id`),
  ADD UNIQUE KEY `failed_jobs_uuid_unique` (`uuid`);

--
-- Indexes for table `languages`
--
ALTER TABLE `languages`
  ADD PRIMARY KEY (`id`);

--
-- Indexes for table `media_options`
--
ALTER TABLE `media_options`
  ADD PRIMARY KEY (`id`);

--
-- Indexes for table `media_settings`
--
ALTER TABLE `media_settings`
  ADD PRIMARY KEY (`id`),
  ADD UNIQUE KEY `media_settings_media_type_unique` (`media_type`);

--
-- Indexes for table `menus`
--
ALTER TABLE `menus`
  ADD PRIMARY KEY (`id`),
  ADD UNIQUE KEY `menus_menu_name_unique` (`menu_name`);

--
-- Indexes for table `migrations`
--
ALTER TABLE `migrations`
  ADD PRIMARY KEY (`id`);

--
-- Indexes for table `model_has_permissions`
--
ALTER TABLE `model_has_permissions`
  ADD PRIMARY KEY (`permission_id`,`model_id`,`model_type`),
  ADD KEY `model_has_permissions_model_id_model_type_index` (`model_id`,`model_type`);

--
-- Indexes for table `model_has_roles`
--
ALTER TABLE `model_has_roles`
  ADD PRIMARY KEY (`role_id`,`model_id`,`model_type`),
  ADD KEY `model_has_roles_model_id_model_type_index` (`model_id`,`model_type`);

--
-- Indexes for table `oauth_access_tokens`
--
ALTER TABLE `oauth_access_tokens`
  ADD PRIMARY KEY (`id`),
  ADD KEY `oauth_access_tokens_user_id_index` (`user_id`);

--
-- Indexes for table `oauth_auth_codes`
--
ALTER TABLE `oauth_auth_codes`
  ADD PRIMARY KEY (`id`),
  ADD KEY `oauth_auth_codes_user_id_index` (`user_id`);

--
-- Indexes for table `oauth_clients`
--
ALTER TABLE `oauth_clients`
  ADD PRIMARY KEY (`id`),
  ADD KEY `oauth_clients_user_id_index` (`user_id`);

--
-- Indexes for table `oauth_personal_access_clients`
--
ALTER TABLE `oauth_personal_access_clients`
  ADD PRIMARY KEY (`id`);

--
-- Indexes for table `oauth_refresh_tokens`
--
ALTER TABLE `oauth_refresh_tokens`
  ADD PRIMARY KEY (`id`),
  ADD KEY `oauth_refresh_tokens_access_token_id_index` (`access_token_id`);

--
-- Indexes for table `offer_ads`
--
ALTER TABLE `offer_ads`
  ADD PRIMARY KEY (`id`);

--
-- Indexes for table `order_items`
--
ALTER TABLE `order_items`
  ADD PRIMARY KEY (`id`);

--
-- Indexes for table `order_masters`
--
ALTER TABLE `order_masters`
  ADD PRIMARY KEY (`id`);

--
-- Indexes for table `order_status`
--
ALTER TABLE `order_status`
  ADD PRIMARY KEY (`id`);

--
-- Indexes for table `pages`
--
ALTER TABLE `pages`
  ADD PRIMARY KEY (`id`),
  ADD UNIQUE KEY `pages_slug_unique` (`slug`);

--
-- Indexes for table `password_resets`
--
ALTER TABLE `password_resets`
  ADD KEY `password_resets_email_index` (`email`);

--
-- Indexes for table `payment_methods`
--
ALTER TABLE `payment_methods`
  ADD PRIMARY KEY (`id`);

--
-- Indexes for table `payment_status`
--
ALTER TABLE `payment_status`
  ADD PRIMARY KEY (`id`);

--
-- Indexes for table `permissions`
--
ALTER TABLE `permissions`
  ADD PRIMARY KEY (`id`),
  ADD UNIQUE KEY `permissions_name_guard_name_unique` (`name`,`guard_name`);

--
-- Indexes for table `personal_access_tokens`
--
ALTER TABLE `personal_access_tokens`
  ADD PRIMARY KEY (`id`),
  ADD UNIQUE KEY `personal_access_tokens_token_unique` (`token`),
  ADD KEY `personal_access_tokens_tokenable_type_tokenable_id_index` (`tokenable_type`,`tokenable_id`);

--
-- Indexes for table `products`
--
ALTER TABLE `products`
  ADD PRIMARY KEY (`id`),
  ADD UNIQUE KEY `products_slug_unique` (`slug`);

--
-- Indexes for table `product_categories`
--
ALTER TABLE `product_categories`
  ADD PRIMARY KEY (`id`);

--
-- Indexes for table `product_images`
--
ALTER TABLE `product_images`
  ADD PRIMARY KEY (`id`);

--
-- Indexes for table `product_sub_categories`
--
ALTER TABLE `product_sub_categories`
  ADD PRIMARY KEY (`id`);

--
-- Indexes for table `related_products`
--
ALTER TABLE `related_products`
  ADD PRIMARY KEY (`id`);

--
-- Indexes for table `reviews`
--
ALTER TABLE `reviews`
  ADD PRIMARY KEY (`id`);

--
-- Indexes for table `roles`
--
ALTER TABLE `roles`
  ADD PRIMARY KEY (`id`),
  ADD UNIQUE KEY `roles_name_guard_name_unique` (`name`,`guard_name`);

--
-- Indexes for table `role_has_permissions`
--
ALTER TABLE `role_has_permissions`
  ADD PRIMARY KEY (`permission_id`,`role_id`),
  ADD KEY `role_has_permissions_role_id_foreign` (`role_id`);

--
-- Indexes for table `shippings`
--
ALTER TABLE `shippings`
  ADD PRIMARY KEY (`id`);

--
-- Indexes for table `sliders`
--
ALTER TABLE `sliders`
  ADD PRIMARY KEY (`id`);

--
-- Indexes for table `social_medias`
--
ALTER TABLE `social_medias`
  ADD PRIMARY KEY (`id`);

--
-- Indexes for table `states`
--
ALTER TABLE `states`
  ADD PRIMARY KEY (`id`);

--
-- Indexes for table `subscribers`
--
ALTER TABLE `subscribers`
  ADD PRIMARY KEY (`id`);

--
-- Indexes for table `system_settings`
--
ALTER TABLE `system_settings`
  ADD PRIMARY KEY (`id`);

--
-- Indexes for table `taxes`
--
ALTER TABLE `taxes`
  ADD PRIMARY KEY (`id`);

--
-- Indexes for table `test_users`
--
ALTER TABLE `test_users`
  ADD PRIMARY KEY (`id`);

--
-- Indexes for table `timezones`
--
ALTER TABLE `timezones`
  ADD PRIMARY KEY (`id`);

--
-- Indexes for table `tp_status`
--
ALTER TABLE `tp_status`
  ADD PRIMARY KEY (`id`);

--
-- Indexes for table `users`
--
ALTER TABLE `users`
  ADD PRIMARY KEY (`id`),
  ADD UNIQUE KEY `users_email_unique` (`email`);

--
-- Indexes for table `user_roles`
--
ALTER TABLE `user_roles`
  ADD PRIMARY KEY (`id`);

--
-- Indexes for table `user_status`
--
ALTER TABLE `user_status`
  ADD PRIMARY KEY (`id`);

--
-- AUTO_INCREMENT for dumped tables
--

--
-- AUTO_INCREMENT for table `attributes`
--
ALTER TABLE `attributes`
  MODIFY `id` bigint(20) UNSIGNED NOT NULL AUTO_INCREMENT, AUTO_INCREMENT=2;

--
-- AUTO_INCREMENT for table `brands`
--
ALTER TABLE `brands`
  MODIFY `id` bigint(20) UNSIGNED NOT NULL AUTO_INCREMENT, AUTO_INCREMENT=3;

--
-- AUTO_INCREMENT for table `cities`
--
ALTER TABLE `cities`
  MODIFY `id` bigint(20) UNSIGNED NOT NULL AUTO_INCREMENT;

--
-- AUTO_INCREMENT for table `contacts`
--
ALTER TABLE `contacts`
  MODIFY `id` bigint(20) UNSIGNED NOT NULL AUTO_INCREMENT, AUTO_INCREMENT=3;

--
-- AUTO_INCREMENT for table `countries`
--
ALTER TABLE `countries`
  MODIFY `id` bigint(20) UNSIGNED NOT NULL AUTO_INCREMENT;

--
-- AUTO_INCREMENT for table `coupons`
--
ALTER TABLE `coupons`
  MODIFY `id` bigint(20) UNSIGNED NOT NULL AUTO_INCREMENT, AUTO_INCREMENT=3;

--
-- AUTO_INCREMENT for table `failed_jobs`
--
ALTER TABLE `failed_jobs`
  MODIFY `id` bigint(20) UNSIGNED NOT NULL AUTO_INCREMENT;

--
-- AUTO_INCREMENT for table `languages`
--
ALTER TABLE `languages`
  MODIFY `id` bigint(20) UNSIGNED NOT NULL AUTO_INCREMENT, AUTO_INCREMENT=2;

--
-- AUTO_INCREMENT for table `media_options`
--
ALTER TABLE `media_options`
  MODIFY `id` bigint(20) UNSIGNED NOT NULL AUTO_INCREMENT, AUTO_INCREMENT=771;

--
-- AUTO_INCREMENT for table `media_settings`
--
ALTER TABLE `media_settings`
  MODIFY `id` bigint(20) UNSIGNED NOT NULL AUTO_INCREMENT, AUTO_INCREMENT=8;

--
-- AUTO_INCREMENT for table `menus`
--
ALTER TABLE `menus`
  MODIFY `id` bigint(20) UNSIGNED NOT NULL AUTO_INCREMENT;

--
-- AUTO_INCREMENT for table `migrations`
--
ALTER TABLE `migrations`
  MODIFY `id` int(10) UNSIGNED NOT NULL AUTO_INCREMENT, AUTO_INCREMENT=109;

--
-- AUTO_INCREMENT for table `oauth_clients`
--
ALTER TABLE `oauth_clients`
  MODIFY `id` bigint(20) UNSIGNED NOT NULL AUTO_INCREMENT;

--
-- AUTO_INCREMENT for table `oauth_personal_access_clients`
--
ALTER TABLE `oauth_personal_access_clients`
  MODIFY `id` bigint(20) UNSIGNED NOT NULL AUTO_INCREMENT;

--
-- AUTO_INCREMENT for table `offer_ads`
--
ALTER TABLE `offer_ads`
  MODIFY `id` bigint(20) UNSIGNED NOT NULL AUTO_INCREMENT;

--
-- AUTO_INCREMENT for table `order_items`
--
ALTER TABLE `order_items`
  MODIFY `id` bigint(20) UNSIGNED NOT NULL AUTO_INCREMENT, AUTO_INCREMENT=654;

--
-- AUTO_INCREMENT for table `order_masters`
--
ALTER TABLE `order_masters`
  MODIFY `id` bigint(20) UNSIGNED NOT NULL AUTO_INCREMENT, AUTO_INCREMENT=463;

--
-- AUTO_INCREMENT for table `order_status`
--
ALTER TABLE `order_status`
  MODIFY `id` bigint(20) UNSIGNED NOT NULL AUTO_INCREMENT, AUTO_INCREMENT=6;

--
-- AUTO_INCREMENT for table `pages`
--
ALTER TABLE `pages`
  MODIFY `id` bigint(20) UNSIGNED NOT NULL AUTO_INCREMENT, AUTO_INCREMENT=2;

--
-- AUTO_INCREMENT for table `payment_methods`
--
ALTER TABLE `payment_methods`
  MODIFY `id` bigint(20) UNSIGNED NOT NULL AUTO_INCREMENT, AUTO_INCREMENT=7;

--
-- AUTO_INCREMENT for table `payment_status`
--
ALTER TABLE `payment_status`
  MODIFY `id` bigint(20) UNSIGNED NOT NULL AUTO_INCREMENT, AUTO_INCREMENT=5;

--
-- AUTO_INCREMENT for table `permissions`
--
ALTER TABLE `permissions`
  MODIFY `id` bigint(20) UNSIGNED NOT NULL AUTO_INCREMENT, AUTO_INCREMENT=9;

--
-- AUTO_INCREMENT for table `personal_access_tokens`
--
ALTER TABLE `personal_access_tokens`
  MODIFY `id` bigint(20) UNSIGNED NOT NULL AUTO_INCREMENT;

--
-- AUTO_INCREMENT for table `products`
--
ALTER TABLE `products`
  MODIFY `id` bigint(20) UNSIGNED NOT NULL AUTO_INCREMENT, AUTO_INCREMENT=3;

--
-- AUTO_INCREMENT for table `product_categories`
--
ALTER TABLE `product_categories`
  MODIFY `id` bigint(20) UNSIGNED NOT NULL AUTO_INCREMENT, AUTO_INCREMENT=2;

--
-- AUTO_INCREMENT for table `product_images`
--
ALTER TABLE `product_images`
  MODIFY `id` bigint(20) UNSIGNED NOT NULL AUTO_INCREMENT, AUTO_INCREMENT=9;

--
-- AUTO_INCREMENT for table `product_sub_categories`
--
ALTER TABLE `product_sub_categories`
  MODIFY `id` bigint(20) UNSIGNED NOT NULL AUTO_INCREMENT, AUTO_INCREMENT=6;

--
-- AUTO_INCREMENT for table `related_products`
--
ALTER TABLE `related_products`
  MODIFY `id` bigint(20) UNSIGNED NOT NULL AUTO_INCREMENT, AUTO_INCREMENT=2;

--
-- AUTO_INCREMENT for table `reviews`
--
ALTER TABLE `reviews`
  MODIFY `id` bigint(20) UNSIGNED NOT NULL AUTO_INCREMENT, AUTO_INCREMENT=4;

--
-- AUTO_INCREMENT for table `roles`
--
ALTER TABLE `roles`
  MODIFY `id` bigint(20) UNSIGNED NOT NULL AUTO_INCREMENT, AUTO_INCREMENT=4;

--
-- AUTO_INCREMENT for table `shippings`
--
ALTER TABLE `shippings`
  MODIFY `id` bigint(20) UNSIGNED NOT NULL AUTO_INCREMENT, AUTO_INCREMENT=3;

--
-- AUTO_INCREMENT for table `sliders`
--
ALTER TABLE `sliders`
  MODIFY `id` bigint(20) UNSIGNED NOT NULL AUTO_INCREMENT, AUTO_INCREMENT=3;

--
-- AUTO_INCREMENT for table `social_medias`
--
ALTER TABLE `social_medias`
  MODIFY `id` bigint(20) UNSIGNED NOT NULL AUTO_INCREMENT, AUTO_INCREMENT=3;

--
-- AUTO_INCREMENT for table `states`
--
ALTER TABLE `states`
  MODIFY `id` bigint(20) UNSIGNED NOT NULL AUTO_INCREMENT;

--
-- AUTO_INCREMENT for table `subscribers`
--
ALTER TABLE `subscribers`
  MODIFY `id` bigint(20) UNSIGNED NOT NULL AUTO_INCREMENT, AUTO_INCREMENT=2;

--
-- AUTO_INCREMENT for table `system_settings`
--
ALTER TABLE `system_settings`
  MODIFY `id` bigint(20) UNSIGNED NOT NULL AUTO_INCREMENT, AUTO_INCREMENT=12;

--
-- AUTO_INCREMENT for table `taxes`
--
ALTER TABLE `taxes`
  MODIFY `id` bigint(20) UNSIGNED NOT NULL AUTO_INCREMENT, AUTO_INCREMENT=2;

--
-- AUTO_INCREMENT for table `test_users`
--
ALTER TABLE `test_users`
  MODIFY `id` int(11) NOT NULL AUTO_INCREMENT, AUTO_INCREMENT=27;

--
-- AUTO_INCREMENT for table `timezones`
--
ALTER TABLE `timezones`
  MODIFY `id` bigint(20) UNSIGNED NOT NULL AUTO_INCREMENT, AUTO_INCREMENT=136;

--
-- AUTO_INCREMENT for table `tp_status`
--
ALTER TABLE `tp_status`
  MODIFY `id` bigint(20) UNSIGNED NOT NULL AUTO_INCREMENT, AUTO_INCREMENT=3;

--
-- AUTO_INCREMENT for table `users`
--
ALTER TABLE `users`
  MODIFY `id` bigint(20) UNSIGNED NOT NULL AUTO_INCREMENT, AUTO_INCREMENT=5;

--
-- AUTO_INCREMENT for table `user_roles`
--
ALTER TABLE `user_roles`
  MODIFY `id` bigint(20) UNSIGNED NOT NULL AUTO_INCREMENT, AUTO_INCREMENT=3;

--
-- AUTO_INCREMENT for table `user_status`
--
ALTER TABLE `user_status`
  MODIFY `id` bigint(20) UNSIGNED NOT NULL AUTO_INCREMENT, AUTO_INCREMENT=3;

--
-- Constraints for dumped tables
--

--
-- Constraints for table `model_has_permissions`
--
ALTER TABLE `model_has_permissions`
  ADD CONSTRAINT `model_has_permissions_permission_id_foreign` FOREIGN KEY (`permission_id`) REFERENCES `permissions` (`id`) ON DELETE CASCADE;

--
-- Constraints for table `model_has_roles`
--
ALTER TABLE `model_has_roles`
  ADD CONSTRAINT `model_has_roles_role_id_foreign` FOREIGN KEY (`role_id`) REFERENCES `roles` (`id`) ON DELETE CASCADE;

--
-- Constraints for table `role_has_permissions`
--
ALTER TABLE `role_has_permissions`
  ADD CONSTRAINT `role_has_permissions_permission_id_foreign` FOREIGN KEY (`permission_id`) REFERENCES `permissions` (`id`) ON DELETE CASCADE,
  ADD CONSTRAINT `role_has_permissions_role_id_foreign` FOREIGN KEY (`role_id`) REFERENCES `roles` (`id`) ON DELETE CASCADE;
COMMIT;

/*!40101 SET CHARACTER_SET_CLIENT=@OLD_CHARACTER_SET_CLIENT */;
/*!40101 SET CHARACTER_SET_RESULTS=@OLD_CHARACTER_SET_RESULTS */;
/*!40101 SET COLLATION_CONNECTION=@OLD_COLLATION_CONNECTION */;
